ad_iD,Collector name,Shop name,Ad name,Description,Pic,Brand,Model,Price,Type/Year,Suuq,Negotiable,state,Contact
501,Faysal,75 sayid style,dharka hablaha ,toobabkii hablaha yaryar,https://drive.google.com/file/d/123CW6_uGJkU93XeaHCHcXafd-92PlIc8/view?usp=drivesdk,toob, toobka hablaha,$18,,Personal Accessories,TRUE ,Hargeisa,call:063:4411589
502,Faysal,75 sayid style,dharka raga ,Dharka raga oo kala duwan ,https://drive.google.com/file/d/12qTT0mdSKVXEZPE508Qqt6KXs1l8qI3v/view?usp=drivesdk,Dharka Raga,sulwaal shaadh,$12,,Personal Accessories,TRUE ,Hargeisa,call:063:4411589
503,Faysal,75 sayid style,Kabo sports ,sports kabo aad u quryx badan,https://drive.google.com/file/d/12C0Q7_bi3vFxAr4Zzxn71PO6N2n9-a8X/view?usp=drivesdk,nike,Buudh,$45,,Personal Accessories,TRUE ,Hargeisa,call:063:4411589
504,Faysal,76 soomane style,isku joog,macamuu shaadh cumaamad oo isku eeg ,https://drive.google.com/file/d/12IBToNEQTSz-vSbzbWuMU_RLIST7fSX3/view?usp=drivesdk,sad ama isku joog,shaadh macamuus cumaamad ,$35,,Personal Accessories,TRUE ,Hargeisa,call:063:7137345
505,Faysal,76 soomane style,surwaalo rag,saraawiishii raga ,https://drive.google.com/file/d/12VyzYA_Q4xz8W3lAeaZ8GYpqzOQj-zy6/view?usp=drivesdk,surwaal,surwaalo rag,$14,,Personal Accessories,TRUE ,Hargeisa,call:063:7137345
506,Faysal,76 soomane style,sandal ,sandalo aad u qurux badan ,https://drive.google.com/file/d/12PU1i5N_RIRl7pYfvanxMy_oNI7lc-At/view?usp=drivesdk,sandal,sandalka raga,$13,,Personal Accessories,TRUE ,Hargeisa,call:063:7137345
507,Faysal,76 soomane style,boorso,waa boorsooyinkii harka lagu ridanayey,https://drive.google.com/file/d/12OjiA7MBKQM1cJ31jC5iKMNlr6iKhcCt/view?usp=drivesdk,boorso,shandad ,$35,,Personal Accessories,TRUE ,Hargeisa,call:063:7137345
508,Faysal,77 Al Noor Auto Sparts,Turusyo ,Turusyadii Baabuurta ,https://drive.google.com/file/d/11pSWCVVJla9Ye6ZWhcuft05UAUDdRYuI/view?usp=drivesdk,"calaawi fj80,hardtop fj70, fj100/105, Vigo iyo Revo",Turus ,$150,,Cars,TRUE ,Hargeisa,call;063;4489340
509,Faysal,77 Al Noor Auto Sparts,Fueldespenserparrs are Available,Haamaha shidaalka iyo qalabkooda ,https://drive.google.com/file/d/11kOUQ7PzeJ813unP7XJDfPp2-8Nt4k1o/view?usp=drivesdk,Changlong,Haamo,,,Real-state,TRUE ,Hargeisa,call;063;4489340
510,Faysal,77 Al Noor Auto Sparts,Hydraulic jack,waa jeegii Baabuurta ,https://drive.google.com/file/d/11xzNr5t1s2mxeiHKCSgB2GF2KNJ5GAiH/view?usp=drivesdk,"jack 50ton,10ton ,20,ton",jack,"$15 ,$20,$35",,Cars,TRUE ,Hargeisa,call;063;4489340
511,Faysal,77 Al Noor Auto Sparts,sabrad ,sabarada gaadhiga one10,https://drive.google.com/file/d/11yOlzPlrfCgfBijz2_EnJlbBOA81hQ6e/view?usp=drivesdk,sabarad,one 10,$40,,Cars,TRUE ,Hargeisa,call;063;4489340
512,Faysal,78 ART Tailors ,khamiisyo,khamiisyada noocii khaliijka oo dalka laguugu talaayo ,https://drive.google.com/file/d/11d8Yxor9cbWgPCuTldzA4ne4Kfm63JwV/view?usp=drivesdk,ART Tailor,khamiis khaliiji,$40,,Personal Accessories,TRUE ,Hargeisa,call:063:3337979
513,Faysal,78 ART Tailors ,saadhadh ,shaadhadh aad u qurux badan ,https://drive.google.com/file/d/11e4vKAoBI4HuFe3ZJT7RiibjwcxpuGyq/view?usp=drivesdk,ART Tailor,Shaadhadh,$12,,Personal Accessories,TRUE ,Hargeisa,call:063:3337979
514,Faysal,79 Shaybe motors,Corolla ,corolla waa gaadhi aad u raaxo badan ,https://drive.google.com/file/d/1517atF1ZNAM2IvLhyzo5IHnQitIzP7bD/view?usp=drivesdk,TOYOTA ,Corolla ,"$5,900",2006,Cars,TRUE ,Hargeisa,
515,Faysal,79 Shaybe motors,Herrier,Herrier waa gaadhi aad u qurux badan ,https://drive.google.com/file/d/15BHn-yqe5ogx9nFD--4bPgsmI2zNjP4I/view?usp=drivesdk,TOYOTA ,Herrier ,"$12,500",2010,Personal Accessories,TRUE ,Hargeisa,
516,Faysal,79 Shaybe motors,Balta,Balta waa gaadhi aad u nafisa oo aad u qurux badan ,https://drive.google.com/file/d/14xIMOG0wuPWeiZ9lq5vm9RuY6YNe3A_O/view?usp=drivesdk,TOYOTA ,Balta,"$4,800",2007,Cars,TRUE ,Hargeisa,
517,Faysal,80 Taaj silver and jewellry,qalabka dahab ,qalabka dahabka lagu baadho ,https://drive.google.com/file/d/12A2zEqw5DZlcjophBxtXIUL-xyEeXFJ5/view?usp=drivesdk,Taaj,baadhe dahabka ,$400,,Devices,TRUE ,Hargeisa,call;063;4812907
518,Faysal,80 Taaj silver and jewellry,dahab ,ka habkii oo kala duwan ,https://drive.google.com/file/d/129i6VWpGngV_lGSDi6X6UK8qp98xT-So/view?usp=drivesdk,Taaj,dahab ,$35,,Real-state,TRUE ,Hargeisa,call;063;4812907
519,Faysal,81 Target Style online Shopping,Shaadhadh Rag,waa shaadhadhkii raga oo kala duwan ,https://drive.google.com/file/d/1JGEcgWd7S-6IIGFTsLxk3Mi59RxO-70I/view?usp=drivesdk,shaadhadh,Shaadhadhkii raga ,$13,,,TRUE ,Hargeisa,Call:063:4244711
520,Faysal,81 Target Style online Shopping,Goshaal,waa Goshaalkii raga oo aad u qurux badan ,https://drive.google.com/file/d/1J5XGx1E9NoKW6aJT4BvGrXuWyRTYfpbA/view?usp=drivesdk,Goshaal,Goshaaladii raga,$18,,,TRUE ,Hargeisa,Call:063:4244711
521,Faysal,81 Target Style online Shopping,Sandalo,waa sandaladii raga oo kala duwan ,https://drive.google.com/file/d/1J1uXXauB_8XEBJapLzR775LKgmChAyKp/view?usp=drivesdk,Sandal,sandaladii raga,$45,,,TRUE ,Hargeisa,Call:063:4244711
522,Faysal,82 Arabsiyo Eletonic,Koofiyad Dumar,koofiyadihii dumarka oo kala duwan ,https://drive.google.com/file/d/16ZJ2ebGSi3vVxoNz05lz33VUnFuPeU9A/view?usp=drivesdk,koofiyad ,koofiyad dumar ,$5,,Real-state,TRUE ,Hargeisa,Call;0634257582
523,Faysal,82 Arabsiyo Eletonic,buraashad ,waxa aad ku shuban kartaa biyaha meel kastana wad u qaadankartaa ,https://drive.google.com/file/d/16WyLOXR6g8uKFHKW9xiXnRe40d61rgvp/view?usp=drivesdk,skip,biyo qaado,$6,,Personal Accessories,TRUE ,Hargeisa,Call;0634257582
524,Faysal,82 Arabsiyo Eletonic,Koofiyadii raga ,koofiyado aad u qurux badan oo tayo leh ,https://drive.google.com/file/d/16ZlwfrmGJBw1jiwRsGZX3qIXV0koQ85T/view?usp=drivesdk,Guca ,koofiyad rag,$4,,Personal Accessories,TRUE ,Hargeisa,Call;0634257582
525,Faysal,83 Shide fashion ,toobabka hablaha ,toobabka hablaha yar yar,https://drive.google.com/file/d/16n3NhW_FqU8pC0JEWIIp5-ISwR6C8emZ/view?usp=drivesdk,toob hablo yaryar ,toob ,$25,,Personal Accessories,TRUE ,Hargeisa,Call;063;4052092
526,Faysal,83 Shide fashion ,shaadhaka ciyaalka ,shaadhadhka caruurta oo kala duwan ,https://drive.google.com/file/d/16ijMpbQNDJwxiidL13Mvp2feHEmFVlWV/view?usp=drivesdk,shaadh niman yaryar,shaadh ,$12,,Personal Accessories,TRUE ,Hargeisa,Call;063;4052092
527,Faysal,83 Shide fashion ,toobabka dumarka ,toobabkii dumarka oo kala duwan ,https://drive.google.com/file/d/16ZyKPuRa1ChnMdaOtjRrQT94UDJE_IsH/view?usp=drivesdk,toob Dumar,toob kabo boorso ,$35,,Personal Accessories,TRUE ,Hargeisa,Call;063;4052092
528,Faysal,84 Sobigeal shop ,Cookie moker,waa qalab aad ku samaysan karto keega,https://drive.google.com/file/d/19kkvzDrYKTaa_rfX5J6WsCQ99ZTItPoJ/view?usp=drivesdk,cookie maker ,keeg sameeye,$35,,Food and Beverage,TRUE ,Hargeisa,call;063;3339886
529,Faysal,84 Sobigeal shop ,Genius nicer dicer,waa qalab kuu jarjaraya basasha ,https://drive.google.com/file/d/19icP_vh8GgqeYw6jM9bVuW79sQtfe3yP/view?usp=drivesdk,Genius nicer dicer,jarjare,$10,,Devices,TRUE ,Hargeisa,call;063;3339886
530,Faysal,84 Sobigeal shop ,Ajmal solage,waa cadar aad u udgoon ,https://drive.google.com/file/d/19jrK1rVdB_iPMkcEE_DiSOnoF6C8U891/view?usp=drivesdk,ajmal,cadar,$24,,Personal Accessories,TRUE ,Hargeisa,call;063;3339886
531,Faysal,85 Rassam ,Sabiibta cad ,sabiibkii cadaa oo aad u fiican ,https://drive.google.com/file/d/16nN0Bj5f-F8Vxdus0LYF3GapwQ0F62JH/view?usp=drivesdk,Kismis Gold Iran,sabiib cad 1kg ,$3,,Food and Beverage,TRUE ,Hargeisa,Call;063;6643712
532,Faysal,85 Rassam ,sabiibkii madoow,sabiibkii madowbaa oo tayo sare leh ,https://drive.google.com/file/d/16oDX0IvHmZUEWQZ2LOp_Glsmzwsv9WGZ/view?usp=drivesdk,Kismis Black ,sabiib madaw,$8,,Food and Beverage,TRUE ,Hargeisa,Call;063;6643712
533,Faysal,86 Kulan Vip,salmado dumar,shalmadihii dumarka oo kala duwan,https://drive.google.com/file/d/19rLO7HPw-L4Vkek3VdepHmCXkcovtagK/view?usp=drivesdk,shalmad,shalmado ,$28,,Personal Accessories,TRUE ,Hargeisa,call:063:3807508
534,Faysal,86 Kulan Vip,Boorso,boorsooyinkii dumarka oo noocwalba leh,https://drive.google.com/file/d/19lFDy-hTJ0izoD2i_5qSkBDvj9fxxxaG/view?usp=drivesdk,boorso,boorso,$35,,Personal Accessories,TRUE ,Hargeisa,call:063:3807508
535,Faysal,86 Kulan Vip,shaadhadh,shaadhadhkii Raga oo kala duwan,https://drive.google.com/file/d/19lB6r5g2TPpVMq3OZoI7o26EsMCCUBBn/view?usp=drivesdk,shaadh,shaadh,$13,,Personal Accessories,TRUE ,Hargeisa,call:063:3807508
536,Faysal,87 Klassy Shoes ,kabaha xaragada ,waxa laguu hayaa kaboyaashii xaragada oo kala duwan ,https://drive.google.com/file/d/15Ws7YJTNlHPxtf6EOd4Hf-DRMug1kjWj/view?usp=drivesdk,kabo xarago,kabo ,$30,,Personal Accessories,TRUE ,Hargeisa,call:063:7563866
537,Faysal,87 Klassy Shoes ,kabaha sports ,kabihii sports oo nooc walba leh ,https://drive.google.com/file/d/15MNV0wE7-Ntx-rmeO_uHn_WkqTegNhOn/view?usp=drivesdk,kabo sports,kabo ,$55,,Personal Accessories,TRUE ,Hargeisa,call:063:7563866
538,Faysal,88 Sultan Style,suit ,suudhadh kala duwan ,https://drive.google.com/file/d/1675LoQhj6GDQeKaS5cU68zXBHykGop-n/view?usp=drivesdk,suit ,suit,$120,,Personal Accessories,TRUE ,Hargeisa,call;063:4408828
539,Faysal,88 Sultan Style,macamuusyo ,macamuusyadii oo aad u qurux badan,https://drive.google.com/file/d/16MnMfv2z4xD1Qhisxt0TuiSOf71T-a8S/view?usp=drivesdk,macamuus ,macamuus ,$38,,Personal Accessories,TRUE ,Hargeisa,call;063:4408828
540,Faysal,88 Sultan Style,shaadh ,shaadhadhkii dhalinta oo ah noocii dunta adkaa ka samaysnaa ,https://drive.google.com/file/d/16I6deakE9J8BujPiXJ3PGyDvgwk-WoGI/view?usp=drivesdk,shaadh,shaadh,$14,,Personal Accessories,TRUE ,Hargeisa,call;063:4408828
541,Faysal,89 Kayse Bushaaro,xafaayadii la maydhaayey ,waa xafaayad aanad tuurayn oo aad maydhayso marka ay uskag naqoto ,https://drive.google.com/file/d/16HHdsQ2FPFp7QTiv9Ne-GtX8LRy2LEHu/view?usp=drivesdk,xafaayad,xafaayad ciyaal,$45,,Personal Accessories,TRUE ,Hargeisa,call:063:4965541
542,Faysal,89 Kayse Bushaaro,buulka caruuta ,ku ciyaarsii caruurtaada qalabkan ,https://drive.google.com/file/d/15W0LZOlnQVW-0GpO4fz_YehtAyPlogCw/view?usp=drivesdk,Bowling,Boling caruur,$26,,Personal Accessories,TRUE ,Hargeisa,call:063:4965541
543,Faysal,89 Kayse Bushaaro,mooto,waa mootadii ciyaalka ku ciyaarayeen ,https://drive.google.com/file/d/15A7vCuuY7yD7Y5QA4p4x3sli3ys0BXpT/view?usp=drivesdk,mooto,mooto caruur,$65,,Personal Accessories,TRUE ,Hargeisa,call:063:4965541
544,Faysal,90 Qaran Shopping Center,buudhkii caruurta,Buudhkii ciyaalka oo aad u qurux badan ,https://drive.google.com/file/d/161NUEUSCWAuT-mGpuohGazuQNXVcDl11/view?usp=drivesdk,Buudh,kabo ,$14,,Personal Accessories,TRUE ,Hargeisa,call:063:3138888
545,Faysal,90 Qaran Shopping Center,sulwaalo gaagaabka ,sulwaaladii raga noocii gaagaabka ahaa oo aad u qurux badan ,https://drive.google.com/file/d/14sfJm4UUKOeoBOCRvpV3Q9KVvwZE3eUm/view?usp=drivesdk,sulwaal,gaagaab,$13,,Personal Accessories,TRUE ,Hargeisa,call:063:3138888
546,Faysal,90 Qaran Shopping Center,Pediasure,waa caanihii caruurta oo aad u fiican ,https://drive.google.com/file/d/16MUMJpgnz3v-OBIYO8yEAqDM2uGQS6zz/view?usp=drivesdk,Pediasure,caano ,$17,,Personal Accessories,TRUE ,Hargeisa,call:063:3138888
547,Faysal,91 Danwadaag Online ,Escuudo,Escudo waa gaadhi aad u raaxo baan oo fiican ,https://drive.google.com/file/d/15TlZqtEBDqta7x-f6PuA12a2SF5FebFw/view?usp=drivesdk,TOYOTA,Escudo,"$6,900",2008,Cars,TRUE ,Hargeisa,call:063:4174853
548,Faysal,91 Danwadaag Online ,Izuzud,Izuzud waa gaadhi aad wax walba ku raran karto ,https://drive.google.com/file/d/15Fv6VQwRKM0dFkTVOsbutol0vZwe5ozw/view?usp=drivesdk,Izuzud ,Izuzud,"$11,000",2008,Cars,TRUE ,Hargeisa,call:063:4174853
549,Faysal,91 Danwadaag Online ,Vitz,Vitz waa gaadhi shaqo oo aad u fiican ,https://drive.google.com/file/d/16oiSPHxIEd2ZN90SoyBoVc55NKxCOcyA/view?usp=drivesdk,TOYOTA,Vitz,"$5,200",2004,Cars,TRUE ,Hargeisa,call:063:4174853
550,Faysal,92 Diomond home decoration,Flowers Garden ,waa ubaxyo aad u qurux badan ,https://drive.google.com/file/d/18-woqCo5eyQxzEwAebBjEZeJsgg6WUCR/view?usp=drivesdk,Flowers,Ubax,$15,,Real-state,TRUE ,Hargeisa,call:063:4473736
551,Faysal,92 Diomond home decoration,Dahyada Ramadaanta ,waa Dahyada Ramadanta oo kala duwan ,https://drive.google.com/file/d/17sma0oL3V4_vB8KzXhSEw_zCFQDt1eRf/view?usp=drivesdk,Dah,Daha Ramadanta,$15,,Real-state,TRUE ,Hargeisa,call:063:4473736
552,Faysal,92 Diomond home decoration,Chanel ,waa Gogashii sariirta ,https://drive.google.com/file/d/187BjIvaAjzuu7R7jHf30nx9NW5kF_fQX/view?usp=drivesdk,Chanel,Gogal,$30,,Personal Accessories,TRUE ,Hargeisa,call:063:4473736
553,Faysal,93 Al futaah store ,Funaanad,funaanadihii xaraga oo aad u qurux badan ,https://drive.google.com/file/d/1EeYezJkd0chf9Oz2p-n7cMai6IELiu13/view?usp=drivesdk,Funaanad ,funaanad xarago,$12,,Personal Accessories,TRUE ,Hargeisa,call:063:4669302
554,Faysal,93 Al futaah store ,isku joog ,isku joog caruur oo ka kooban sadex shay shaadh surwaal shaayad,https://drive.google.com/file/d/1EjgW6W1WE0uXC-lA0wYKP2Gkb7aZuOVG/view?usp=drivesdk,isku joog ,surwaal shaadh shaayad,$15,,Personal Accessories,TRUE ,Hargeisa,call:063:4669302
555,Faysal,93 Al futaah store ,Kabo ,kabo hablo yaryar oo aad u qurxoon ,https://drive.google.com/file/d/1Emro3otneNX8eC9vRzjF_9isTVkJREnC/view?usp=drivesdk,kabo,kabo hablo yaryar,$14,,Personal Accessories,TRUE ,Hargeisa,call:063:4669302
556,Faysal,94 Africa cosmetics,malab ,malabkii shinida oo aad u macaan ,https://drive.google.com/file/d/1G9Sy4sefp57yWKK-gn8T6cqYTHiBR-x_/view?usp=drivesdk,saafi,malab ,$20,,Real-state,TRUE ,Hargeisa,call:063:3602193
557,Faysal,94 Africa cosmetics,Forever Epiblanc ,waa kariimkii wajiga nafaqaynayey,https://drive.google.com/file/d/1G018kagDHMNy2W_mDezITuR9hPdBJT5R/view?usp=drivesdk,forever ,kiriim,$18,,Personal Accessories,TRUE ,Hargeisa,call:063:3602193
558,Faysal,94 Africa cosmetics,iskoda,iskoda  waa cadar aad u udgoon ,https://drive.google.com/file/d/1GDDaDaPOB7ehA-Jf4U3L-c6-5HESVrZ3/view?usp=drivesdk,iskoda ,cadar,$38,,Personal Accessories,TRUE ,Hargeisa,call:063:3602193
559,Faysal,95 Awal stryle ,Dharka ciyaarta ,dharka ciyaarta ee ciyaalka oo aad uga farxinaya caruurta ,https://drive.google.com/file/d/1Awr06cFmSBtch2nJh3mFP2cdEttCGbYF/view?usp=drivesdk,baby Buubee,Buubee,$27,,Personal Accessories,TRUE ,Hargeisa,call:063:4746578
560,Faysal,95 Awal stryle ,Socod bare ,waa socod baraha caruurta ,https://drive.google.com/file/d/1Atz3IWfrJ-_os2qryX9RJ6gSI8aUjNTZ/view?usp=drivesdk,Socod bare  ,xool,$34,,Personal Accessories,TRUE ,Hargeisa,call:063:4746578
561,Faysal,95 Awal stryle ,Shaadhka caruurta ,Shaashka caruurta oo kala duwan ,https://drive.google.com/file/d/1AsECGnpOp55Hd2Sk6XmNgqpv6A0p0ikZ/view?usp=drivesdk,shaadh ,Shaadh,$7,,Personal Accessories,TRUE ,Hargeisa,call:063:4746578
562,Faysal,96 Caruur bila ,Biinanka timaha ,waa biinankii hablaha loogu xidhaayey timaha ,https://drive.google.com/file/d/1AjfTf4JmFsyFukCSP-huIzP_JdFCBwiR/view?usp=drivesdk,Biin,Biinan,$4,,Personal Accessories,TRUE ,Hargeisa,call:063:4145767
563,Faysal,96 Caruur bila ,Kabaha hablaha ,waa kabihii hablaha oo aad u qurxoon ,https://drive.google.com/file/d/1AmcUbNyU_OA7hqtOr30XNFkg-oJBh_Ur/view?usp=drivesdk,Kabo,Kabo hablo,$18,,Personal Accessories,TRUE ,Hargeisa,call:063:4145767
564,Faysal,96 Caruur bila ,Surwaalada hablaha ,surwaaladii hablaha oo kala duwan ,https://drive.google.com/file/d/1AzQes3HiFZKpF1DKjXBK53S9QTjKLnKl/view?usp=drivesdk,Surwaal ,Surwaal Hablo,$12,,Personal Accessories,TRUE ,Hargeisa,call:063:4145767
565,Faysal,97 Khadanoosh,shaadh ,shaadhadhkii raga oo kal duwan ,https://drive.google.com/file/d/1FjiQnWrDDB2dYoex6Zoj31JsQPAc5bnb/view?usp=drivesdk,shaadh ,shaadh rag,$12,,Personal Accessories,TRUE ,Hargeisa,call:063:4239045
566,Faysal,97 Khadanoosh,isku joog,isku joog macamuus shaadh cumaamad sandal bakoorad,https://drive.google.com/file/d/1FSn2xJcFwXLXDkLQNWb85M4Z4nl4E0eC/view?usp=drivesdk,isku joog,cumaamad macamuus shaadh bokoorad sandal ,$45,,Personal Accessories,TRUE ,Hargeisa,call:063:4239045
567,Faysal,97 Khadanoosh,isku joog hablo,isku joog Toob kabo shandad,https://drive.google.com/file/d/1FsU5pngKRXLkC-m2UROY91-SsXabp0tS/view?usp=drivesdk,isku joog ,Toob kabo boorso ,$50,,Personal Accessories,TRUE ,Hargeisa,call:063:4239045
568,Faysal,98 Alfa tech ,Lenovo,Lenovo waa laabtoob aad u fiican 4GB Hdd 500GB,https://drive.google.com/file/d/1FCeRwRpIW_UmONv5yxsMRxBmPKaW5XEA/view?usp=drivesdk,Lenovo,Laptop,$235,,Devices,TRUE ,Hargeisa,call:063:3333651
569,Faysal,98 Alfa tech ,Iphone 8 plus,Iphone 8 plus waa moobil aad u fiican waxa uu qaadayaa 256GB,https://drive.google.com/file/d/1FGzzlRfWkOt92y01-969SEYHd5p3HiuE/view?usp=drivesdk,Apple,iphone,$435,,Devices,TRUE ,Hargeisa,call:063:3333651
570,Faysal,98 Alfa tech ,Pest Reject,waa dilaha cayayaanka waxana galinaysaa fiishta ,https://drive.google.com/file/d/1EuwK9c3czDPCgkKWJDgStZPgBIV63SEg/view?usp=drivesdk, Reject,Dile cayayaan ,$35,,Devices,TRUE ,Hargeisa,call:063:3333651
571,Faysal,99 Saacid cosmetics ,fargalo ,fargalo aad u qurux badan ,https://drive.google.com/file/d/17vDpoB9X3Q6fpnUTd55CHNWmTQAEY2yN/view?usp=drivesdk,Fargal,fargal,$4/ $5,,Personal Accessories,TRUE ,Hargeisa,call:063:7153700
572,Faysal,99 Saacid cosmetics ,cadar ,cadar aad u udgoon ,https://drive.google.com/file/d/17uKtgI60VcK0CbkyZC-_IXr-1eJTHK-Y/view?usp=drivesdk,Cadar,cadaro,$13,,Personal Accessories,TRUE ,Hargeisa,call:063:7153700
573,Faysal,99 Saacid cosmetics ,Hair wrap,waa tuwaalkii madaxa ,https://drive.google.com/file/d/18-QBqpddQY-N4t8fBGdECZSkN3bsFft-/view?usp=drivesdk,Hair wrap,Tuwaal,$7,,Personal Accessories,TRUE ,Hargeisa,call:063:7153700
574,Faysal,100 Khaliifa style,Toobabka Hablaha ,Toobabka hablaha oo kala duwan ,https://drive.google.com/file/d/189jzAAmsEUtGmFEDJNn0OxHTKiZyJ-9U/view?usp=drivesdk,Toob,Toobab,$45,,Personal Accessories,TRUE ,Hargeisa,call:063:4438397
575,Faysal,100 Khaliifa style,Boorso ,Boorsooyinkii Dumarka ,https://drive.google.com/file/d/18BnmSmZX9SNTXHQUihB2j9S7JHu9xL0a/view?usp=drivesdk,Boorso,Boorsooyin ,$26,,Personal Accessories,TRUE ,Hargeisa,call:063:4438397
576,Faysal,100 Khaliifa style,Toobabkii Caruurta yaryar ,Toobabkii Caruurta yaryar ee hablaha oo aad u qurux badan ,https://drive.google.com/file/d/17Z1Z3S63raxVmcOVk5gM8g8NtLw_kL2k/view?usp=drivesdk,Toob,Toobab caruur,$24,,Personal Accessories,TRUE ,Hargeisa,call:063:4438397
577,Faysal,101 Ahlam industry,Trlple Clean,waa nadiifiyaha suuliga ,https://drive.google.com/file/d/1HGlTqExNxWuGWSGnViCyrnRPTFrFmNCm/view?usp=drivesdk,Clean,Nadiifiye Suuli,$8,,,TRUE ,Hargeisa,call:063:3653123
578,Faysal,101 Ahlam industry,Trlple Clean,waxa uu udgoonaynayaa ,https://drive.google.com/file/d/1HHaSc29S05_pE4YyByIJiBcJ-KeDHbXQ/view?usp=drivesdk,Clean,Udgooneeye,$14,,,TRUE ,Hargeisa,call:063:3653123
579,Faysal,101 Ahlam industry,Cleaner Lavender,nadiifiye Guri,https://drive.google.com/file/d/1H74G52yr3QvWOdZWbD240sqiqJWgZMtU/view?usp=drivesdk,Clean,Nadiifiye Guri,$18,,,TRUE ,Hargeisa,call:063:3653123
580,Faysal,102 Sugaal style ,Shaadhadh,shaadhadhkii raga oo kala duwan ,https://drive.google.com/file/d/17tCfVHn3CUieCdSJ8Kr2dq4n4bnUPVB0/view?usp=drivesdk,Shadhadh,Shadhadhkii raga ,$13,,Personal Accessories,TRUE ,Hargeisa,call:063:44839066
581,Faysal,102 Sugaal style ,Garamaan ,Garamaantii raga oo noocwalba leh ,https://drive.google.com/file/d/17u2S8A0ILG_WYaD_DWEOzMMOgPDUD-i0/view?usp=drivesdk,Garamaan,Garamaantii raga,$8,,Personal Accessories,TRUE ,Hargeisa,call:063:44839066
582,Faysal,102 Sugaal style ,Suit,Suudhadhkii ,https://drive.google.com/file/d/17jXRhsFzEiPdggXpiz14Zouh_WaGu1y3/view?usp=drivesdk,Suit,Suudhadh,$45,,Personal Accessories,TRUE ,Hargeisa,call:063:44839066
583,Faysal,103 Dheeman Online Shop,Romncia ,Romncia waa cadar aad u udgoon ,https://drive.google.com/file/d/16DinWldTgdRXRpkpXBxhyI5e-nG41REl/view?usp=drivesdk,Romncia ,cadar,$34,,Personal Accessories,TRUE ,Hargeisa,call:063:4268425
584,Faysal,103 Dheeman Online Shop,surwaalo ,saraawiishii raga oo kala duwan ,https://drive.google.com/file/d/15ukLTf2o2FS3JeKyjgJgH-qPNcYrgk_R/view?usp=drivesdk,surwaalo,suwaalo rag,$18,,Personal Accessories,TRUE ,Hargeisa,call:063:4268425
585,Faysal,103 Dheeman Online Shop,kabo dumar,kabihii dumarka oo kala duwan ,https://drive.google.com/file/d/14pzmVi_EBjqDOvhYjZAGFkWy0NTO4NYu/view?usp=drivesdk,Kabo ,kabihii dumarka ,$45,,Personal Accessories,TRUE ,Hargeisa,call:063:4268425
586,Faysal,104 Gorgor Suits,Cumaamado,waa cumaamadihii oo kala duwan ,https://drive.google.com/file/d/16rfMes5pZu9UN6yYhw98JB-4hxWQFY_2/view?usp=drivesdk,cumaamad,cumaamad,$12,,Personal Accessories,TRUE ,Borama,call:063:4511304
587,Faysal,104 Gorgor Suits,Kabo xarago ,kabihii xaragada oo aad u qurux badan ,https://drive.google.com/file/d/16rJzCPa56G3h8yU9WhoXXPDXfHVkF6Xm/view?usp=drivesdk,kabo xarago,kabo,$25,,Personal Accessories,TRUE ,Borama,call:063:4511304
588,Faysal,104 Gorgor Suits,Acqua Parisis,waa cadar aad u udgoon ,https://drive.google.com/file/d/16qZ0wDIfU6mr-q_GRFMjb8DcvHjrYlVu/view?usp=drivesdk,Acqua parisis,cadar,$320,,Personal Accessories,TRUE ,Borama,call:063:4511304
589,Faysal,105 Ubadka,Marokaneeco Vip,marokaneeco vip ah oo caruurta u fiican ,https://drive.google.com/file/d/1AzsCHTIH7Gdk3PUPlwbmyLFHpyHYq9-J/view?usp=drivesdk,marakaneeco ,marakaneeco,$15,,Personal Accessories,TRUE ,Hargeisa,call:063:7436444
590,Faysal,105 Ubadka,Kabaha caruurta ,kabaha caruurta ,https://drive.google.com/file/d/1BG8wbIMs8kPIZUhshaSmP5AWNBoUvUv1/view?usp=drivesdk,kabo,kabo caruur,$13,,Personal Accessories,TRUE ,Hargeisa,call:063:7436444
591,Faysal,105 Ubadka,Toobabka hablaha ,Toobabkii hablaha oo kala duwan ,https://drive.google.com/file/d/1BDt6DRtVqhYrWC03R-n55fSwjVqdJEsY/view?usp=drivesdk,toob,toobka hablaha ,$25,,Personal Accessories,TRUE ,Hargeisa,call:063:7436444
592,Faysal,106 Suldaan Home Decoration ,Saacada Guriga,waa saacadii guryaha oo kafarkeedii wadata ,https://drive.google.com/file/d/1FMf-wkhfi6FtslUI2shIe4WgwkLXZcqO/view?usp=drivesdk,Saacad,Saacad Guri,$37,,Personal Accessories,TRUE ,Hargeisa,call-063:4776854
593,Faysal,106 Suldaan Home Decoration ,Laydhka hurdada,waa laydhkii hurdada oo aad u qurux badan,https://drive.google.com/file/d/1FHnEABIJVdqCIJgCtQPaM6UM_JS0ijNJ/view?usp=drivesdk,laanbad,Laanbad Hurdo,$35,,Devices,TRUE ,Hargeisa,call-063:4776854
594,Faysal,106 Suldaan Home Decoration ,Girgire unsi,waa girgirayaashii unsiga oo kala duwan ,https://drive.google.com/file/d/1FJlLAQsWtNQurSpXxuI1aNzKjvVuiK6m/view?usp=drivesdk,Gergire,Gergire Unsi,$13,,Personal Accessories,TRUE ,Hargeisa,call-063:4776854
595,Faysal,107 carwo mano ,GL ,Talaagaihii GL ahaa oo sees walba leh ,https://drive.google.com/file/d/1D9E1UE1R9iTM0g7m9UvY9qw_TCcfm4yR/view?usp=drivesdk,GL ,Talaagad ,$410,,Devices,TRUE ,Hargeisa,call-063:4061866
596,Faysal,107 carwo mano ,Panasonic,waaa kaawiya aad u fiican ,https://drive.google.com/file/d/1DQKiGdjP3fCmWOgwhRK7XO7FXG-vJVKC/view?usp=drivesdk,Panasonic,kaawiyad ,$18,,Devices,TRUE ,Hargeisa,call-063:4061866
597,Faysal,107 carwo mano ,Qasaalad ,waa qasaalaii dharka lagu maydhayey oo tayo leh ,https://drive.google.com/file/d/1DVa0UYM5P_tqBLn-iC6qOSX9Fb2tBoDP/view?usp=drivesdk,"Alg 8,5kg",Qasaalad ,$180,,Devices,TRUE ,Hargeisa,call-063:4061866
598,Faysal,108 carwo laydh Decoration ,Roogaga ,Roogaga Guryaha lagu qurxiyo oo nooc walba leh ,https://drive.google.com/file/d/1DJEOXAZav1qeWFSVll3pBhlVnr-2IYsH/view?usp=drivesdk,Roog,Roog Guri ,$95,,Real-state,TRUE ,Hargeisa,call-063:4785785
599,Faysal,108 carwo laydh Decoration ,Daahyadii ,Dahyadii Guryaha oo aad u qurux badan ,https://drive.google.com/file/d/1Db6H9KrMhaBdizZq9rCgePhq2Alf0pU9/view?usp=drivesdk,Daah,Daah Guri,$80,,Real-state,TRUE ,Hargeisa,call-063:4785785
600,Faysal,108 carwo laydh Decoration ,Fadhiyo,Fadhiyadii dalka oo nooc walba leh oo aad u qurxoon ,https://drive.google.com/file/d/1DkLVp5aw_hQ1UqAffIcO8m_MFKZaXz4I/view?usp=drivesdk,Fadhi,Fadhi,$750,,Real-state,TRUE ,Hargeisa,call-063:4785785
601,Faysal,109 Ayman,Caruusadihii ,caruusadihii ay habluhu ku ciyaarilahaayeen ,https://drive.google.com/file/d/1ENIjaZnZIFWB_H5QOxFOXCiQBerfxPoK/view?usp=drivesdk,Caruusad,Buubee,$8,,Personal Accessories,TRUE ,Hargeisa,call-063:4806165
602,Faysal,109 Ayman,Crave For Speed,waa gawaadhidii caruurta oo kala duwan ,https://drive.google.com/file/d/1EQMdzgrGNNOLhtxeKtbHRjDzxoIsTP-w/view?usp=drivesdk,Crave,gawaadhi caruur,$12,,Personal Accessories,TRUE ,Hargeisa,call-063:4806165
603,Faysal,109 Ayman,sabaraado ,sharabaadadii kabaha loo xidhanaayey oo nooc walba leh ,https://drive.google.com/file/d/1DszphlDviwBTmRHKwOVgpCx-7bwh-3-U/view?usp=drivesdk,Sharabaad ,Sharabaado,$1,,Personal Accessories,TRUE ,Hargeisa,call-063:4806165
604,Faysal,110 Almadiina furniture ,Miiska cuntada,Miiskii cuntada iyo kuraastiisii oo aad u qurux badan ,https://drive.google.com/file/d/1FHE1CDGeVFbdrcocRY3NaoOZXegETfZk/view?usp=drivesdk,Miis,Miis Cunto,"$1,200",,,TRUE ,Hargeisa,call-063:4411239
605,Faysal,110 Almadiina furniture ,Fadhiyo,fadhigii guriga oo kala duwan ,https://drive.google.com/file/d/1FBId44ufGm9k0ifF4F4uboYv9ohyP4MO/view?usp=drivesdk,fadhi,Fadhi Guri,"$1,600",,,,Hargeisa,call-063:4411239
606,Faysal,110 Almadiina furniture ,Biifiiga fadhiga ,waa kabadhkii weelka ee la dhigaayey fadhiga ,https://drive.google.com/file/d/1F5Y3N4C3XeGalw6LqwlVr5xtRE3hubiz/view?usp=drivesdk,Biifii weel,kabadh weel,$600,,,,Hargeisa,call-063:4411239
607,Faysal,111 I service zechnical Expert ,Callus Remover With ,waa safan jare aad u fiican ,https://drive.google.com/file/d/1E37G5t51nXz31uqBhgl4QcMae8Hgkvw7/view?usp=drivesdk,Motorized,Safan jare ,$15,,Personal Accessories,,Hargeisa,call-063:3339443
608,Faysal,111 I service zechnical Expert ,Folio Cover 10.1,Waa galaalkii moobilka oo nooc walba leh ,https://drive.google.com/file/d/1E2RGv9mumUT5mSgwojpPRTDCcUhY5_fg/view?usp=drivesdk,Folio ,Galgaal ,$12,,Personal Accessories,,Hargeisa,call-063:3339443
609,Faysal,111 I service zechnical Expert ,Fiish ,Waa fiishtii laydhka oo kooban oo leh meel usb ,https://drive.google.com/file/d/1ELPfd6LC32oIoMKi_Qo2P-CW-5dZSmJ6/view?usp=drivesdk,Fiish,Qaybso,$15,,Personal Accessories,,Hargeisa,call-063:3339443
610,Faysal,112 Bulayle decoration,kafaro ,kafaradii ay ku qornaayeen quraanka iyo magaca nabi muhumed [scw],https://drive.google.com/file/d/1DgjGZbpo3EctOQPmrkNJWt0gCGQ8j8vg/view?usp=drivesdk,Kafaro,kafaro,$23,,,,Hargeisa,call-063:4012382
611,Faysal,112 Bulayle decoration,Dhoobadii ,Dhoobadii ubaxyada lagu ridaayey oo kala duwan ,https://drive.google.com/file/d/1DpwaC4-it3soFyl5_tG4Wt1rA4ol6Mj2/view?usp=drivesdk,Dhoobo,Dhoobo Ubax ,$25,,,,Hargeisa,call-063:4012382
612,Faysal,112 Bulayle decoration,Miiskii fadhiga ,Misas ka samaysan quraarad oo aa ku qurxin doonto Gurigaaga ,https://drive.google.com/file/d/1D3WuR98xZf_eBSREqHz4QarvDn2BzIAJ/view?usp=drivesdk,Miis,Miisas quraarad,$40,,,,Hargeisa,call-063:4012382
613,Faysal,113 Saacid decoration,Hagaajinta fadhiga,Waxa laguu hagaajinayaa fadhiyada oo lagugu hagaajinayo qaab aad ka heli doonto,https://drive.google.com/file/d/1OGj9j0JMBmioAZxXOdZg1pRyDVPuwZ1E/view?usp=drivesdk,Hagaajin ,Hagaajin Fadhi,$70,,,,Hargeisa,call-063:4111203
614,Faysal,113 Saacid decoration,Saacada Guriga,waa saacadii guryaha oo kafarkeedii wadata ,https://drive.google.com/file/d/1OHW26YUfi_DBvBGyPikhiccWcn0uVBEN/view?usp=drivesdk,Saacad,Saacadii guriga ,$35,,,,Hargeisa,call-063:4111203
615,Faysal,113 Saacid decoration,Qalab uuni,waxa aad ku uunsi doontaa guriga waa qalab qurux badan,https://drive.google.com/file/d/1OZUZsbwVziTX11C-7IzWK6ZBfL14gEWj/view?usp=drivesdk,Qalab,qalab uunsi,$25,,,,Hargeisa,call-063:4111203
616,Faysal,114  Xanaan cosmetics,Beard Growth Oil,waa saliidii Gadhka oo aad u fiican,https://drive.google.com/file/d/1O07QP4NTh5ia03km9Lau83g0n87U7FU8/view?usp=drivesdk,Beard ,saliid ,$12,,,,Hargeisa,call-063:4070593
617,Faysal,114  Xanaan cosmetics,Cocoa Butter,waa cream original ah oo wajiga kuu cadaynaya ,https://drive.google.com/file/d/1O6LYjhYqExB4yEkDeVeliE9tdmC7Gfyi/view?usp=drivesdk,American Dream,Kareem,$32,,,,Hargeisa,call-063:4070593
618,Faysal,114  Xanaan cosmetics,Victorias Secret,waa caaro aad u udgoon oo Naftu Ku raaxaysanayso,https://drive.google.com/file/d/1Nz4UXDUstlQC9qjBbFRB9yUpzSBzygne/view?usp=drivesdk,Victorias Secret,Cadar,$16,,,,Hargeisa,call-063:4070593
619,Faysal,115 Al mahdi  genaral trading,Strong and Durable Guarantee Only One Battery,waa qalabka wax lagu xidhxidho oo kala duwan,https://drive.google.com/file/d/1KyP3Az0FDkU2b39LMgwmrEvm4lOAoAhw/view?usp=drivesdk,mishiino,mishiinkii wax lagu xidhxidhaayey,$184,,,,Hargeisa,call-063:4675190
620,Faysal,115 Al mahdi  genaral trading,Makita Tools,waa qalabka dhiska laga shaeyo oo kala duwan ,https://drive.google.com/file/d/1KfJHWqoLVWWOGPgVKgC8uZf-nGP0JF9w/view?usp=drivesdk,mishiino,mishiinkii jarjare,$210,,,,Hargeisa,call-063:4675190
621,Faysal,115 Al mahdi  genaral trading,Marmarka ,Marmarka guryaha oo nooc walba leh ,https://drive.google.com/file/d/1J-5m7kHFBahrc_nYmWrITcEKNZpelYKb/view?usp=drivesdk,marmar,marmar,,,,,Hargeisa,call-063:4675190
622,Faysal,116 Ashqaraar cosmatics ,Alfa Gold Receiver,Waa rasiifrkii dhiishka oo aad ku rakiban karto gurigaaga ,https://drive.google.com/file/d/1KXj5gWwZHrdnry6zNyzdabv215Z2Y7fc/view?usp=drivesdk,Receiver,rasiifar ,$10,,,,Hargeisa,call-063:3746132
623,Faysal,116 Ashqaraar cosmatics ,Sama Dubai,waa cadar aad u udgoon oo aad ka helidoonto ,https://drive.google.com/file/d/1Jo2vMAg9Wdv2cVJRLoxwtOloZScAdrwD/view?usp=drivesdk,sama Dubai,cadar,$14,,,,Hargeisa,call-063:3746132
624,Faysal,116 Ashqaraar cosmatics ,Bluetooth MP3,waa Mp3gii gaadhiga aad ku dhaysan lahayd ,https://drive.google.com/file/d/1KQo-OX-fcjiaWOXnVXE7uVPbbFpl9N4p/view?usp=drivesdk,Mp3,Mp3 Gaadhi,$5,,,,Hargeisa,call-063:3746132
625,Faysal,117 Hibo style ,Toobabka ,Toobabka hablaha yaryar oo kala duwan ,https://drive.google.com/file/d/1DLozXzCr_DFc0BkCYg6ip-P5RkEe62bR/view?usp=drivesdk,Toob,Toobab hablo,$30,,Personal Accessories,,Hargeisa,call-063:6677165
626,Faysal,117 Hibo style ,Cabaayado,cabaayado kala duwan oo aad u qurxuun ,https://drive.google.com/file/d/1DQTOuzEeLbH8TEtbCJSaRoLo6lD5HlXS/view?usp=drivesdk,Cabaayad,Cabaayad,$37,,Personal Accessories,,Hargeisa,call-063:6677165
627,Faysal,117 Hibo style ,Isku Joog ,Isku Joogii caruurta gaar ahaan Raga oo kala duwan ,https://drive.google.com/file/d/1Dg4VZSTo79pSf_4scGRvo4F1_8blCaRc/view?usp=drivesdk,isku  Joog,Shaadh surwaal Shaayad,$29,,Personal Accessories,,Hargeisa,call-063:6677165
628,Faysal,118 Halla Cabaaya ,Boorso ,Boorsooyin aad u qurxoon ,https://drive.google.com/file/d/1Duy7huWZKty5gDTZyaoZE-OFfr7v8Zgi/view?usp=drivesdk,Boorso,Boorso Dumar,$30,,Personal Accessories,,Hargeisa,call-063:4650227
629,Faysal,118 Halla Cabaaya ,Haafaf ,Haafafkii Dumarka oo aad u qurux badan ,https://drive.google.com/file/d/1E0bOEebDycSd2kcxY1oNkGKBCWZgIsYv/view?usp=drivesdk,Haaf ,Haaf Gaaban ,$26,,Personal Accessories,,Hargeisa,call-063:4650227
630,Faysal,118 Halla Cabaaya ,Cabaayado ,Cabaayado Dumar oo kala duwan ,https://drive.google.com/file/d/1DvAAp2ui5dqrlPZNtyFCkB9hhP0g0Q9Z/view?usp=drivesdk,Cabaayad ,Caaayad Dumar,$38,,Personal Accessories,,Hargeisa,call-063:4650227
631,Faysal,119 Haaji Classic Style ,Isku Joog ,isku joogii raga macamuus sandal cumaamad ,https://drive.google.com/file/d/1Cl1b41XxV3asdk8dOlb0qcsmRoZEnSEo/view?usp=drivesdk,isku  Joog,macamuus cumaamad sandal,$40,,Personal Accessories,,Hargeisa,call-063:4007429
632,Faysal,119 Haaji Classic Style ,Kabo sports ,Kabihii isboortiska ahaa aad u qurux badan ,https://drive.google.com/file/d/1Cj9KVW_uybwxF2yxD6BxrSB2ntjVJoF5/view?usp=drivesdk,Adadias,kabi sports ,$45,,Personal Accessories,,Hargeisa,call-063:4007429
633,Faysal,119 Haaji Classic Style ,Sadal,sandalkii raga oo kala duwan ,https://drive.google.com/file/d/1CazNWkChNMYpfSry3AdDKkulxLuxVILn/view?usp=drivesdk,sandal ,sandal,$14,,Personal Accessories,,Hargeisa,call-063:4007429
634,Faysal,120 Zooral ,funaanad ,funaanadihii raga oo kala duwan ,https://drive.google.com/file/d/1Ct1JBYhKJzzuqLR7v9vccrvFNMQ_An8K/view?usp=drivesdk,funaanad ,funaanad xarago,$17,,Personal Accessories,,Hargeisa,call-063:4636388
635,Faysal,120 Zooral ,sandal,sandalkii raga oo aad u qurxoon ,https://drive.google.com/file/d/1Cbcxdu-TiNKefnJbzBNNwmSMI0oAKP8B/view?usp=drivesdk,sandal ,sandal raga,$15,,Personal Accessories,,Hargeisa,call-063:4636388
636,Faysal,120 Zooral ,Garamo,Garamadii raga oo aad tayo u leh ,https://drive.google.com/file/d/1CzvX4n4oPlW0xDf5netPeZPD2T7cJVOI/view?usp=drivesdk,garamo,garamaan raga,$10,,Personal Accessories,,Hargeisa,call-063:4636388
637,Faysal,121 Goble shoes ,Kabo dumar,kabihii Dumarka oo kala duwan ,https://drive.google.com/file/d/1CuAHP2w8HlR22xPLHVwnZCihjcZZzovk/view?usp=drivesdk,kabo ,kabo dumar,$20,,Personal Accessories,,Hargeisa,call-063:4824728
638,Faysal,121 Goble shoes ,Kabo raga ,kabihii raga ee xaragada ,https://drive.google.com/file/d/1CraXDHQE9kdVUl3LioQ-7eptW7-oBmuN/view?usp=drivesdk,kabo ,kabo rag xarago,$23,,Personal Accessories,,Hargeisa,call-063:4824728
639,Faysal,121 Goble shoes ,Kabo spotis,kabihii isboortiska oo aad u qurux badan ,https://drive.google.com/file/d/1CoE7pYeWxBNfz6xeYMwj-3uuuty0Dqtz/view?usp=drivesdk,kabo ,kabo sports ,$8,,Personal Accessories,,Hargeisa,call-063:4824728
640,Faysal,122 Tonight Suits,suit,suudhadhkii raga oo kala duwan ,https://drive.google.com/file/d/1FdPVmt4ELH6lrgOIMer6pMjy7VEWQBzY/view?usp=drivesdk,suit ,suit ,$120,,Personal Accessories,,Hargeisa,call-063:4881874
641,Faysal,122 Tonight Suits,Kabo xarago,Kabo xarago oo aad u qurux badan ,https://drive.google.com/file/d/1FlU8EOUM8UetNLSi3fEImeqpNKdXqOtL/view?usp=drivesdk,kabo,kabo xarago,$25,,Personal Accessories,,Hargeisa,call-063:4881874
642,Faysal,122 Tonight Suits,Kabo sports ,Kabihii isboortiska oo aad u qurux badan ,https://drive.google.com/file/d/1FXKxjeFWzArmPmTKXRG7bzPbH1ol_ORB/view?usp=drivesdk,AIR ,kabo sports ,$40,,Personal Accessories,,Hargeisa,call-063:4881874
643,Faysal,123 Sal_Sabil,Shaadh,shaadhadhkii curuurta oo gacmo gaab ah ,https://drive.google.com/file/d/1Fs2CTo2IlWs2d4KcHGk4TF5AExkiSA0Q/view?usp=drivesdk,shaadh ,shaadh gacmo gaab,$12,,Personal Accessories,,Hargeisa,call-063:3336665
644,Faysal,123 Sal_Sabil,Garamo,garamo gacmo gaaba oo aad u qurux badan ,https://drive.google.com/file/d/1Fe3QjXu57Q16ol_zzCnHNatRFY3b7NtM/view?usp=drivesdk,Just do it,garan gacmo gaab,$10,,Personal Accessories,,Hargeisa,call-063:3336665
645,Faysal,123 Sal_Sabil,Surwaalo,surwaalo shiingeeya oo qurux badan ,https://drive.google.com/file/d/1FdmYJNqukR3Dw7sv-nwCyUN0pxuE-VUa/view?usp=drivesdk,surwaal ,surwaal shiingee,$24,,Personal Accessories,,Hargeisa,call-063:3336665
646,Jaamac,32 AL sadaad online market,geepas Heart muffle,waa ofin yar oo keeg sidhaqsa ku gusameenayao,https://drive.google.com/file/d/1NJyKPjgKzYG4SqbNk9p2pBP_8iKq4u7f/view?usp=drivesdk,geepas waaa ofin keeg,GEEPAS,$25,,Personal Accessories,,Hargeisa,634216278
647,Jaamac,32-AL sadaad online market,smart led light aap cntrol,waaa leedh aad ku xakameenkartao mopilkaaga ,https://drive.google.com/file/d/1cE_oEtH_oD7E_PdWwCszYK2NYue7yvaw/view?usp=drivesdk,waa LEEDH IFAYA,LEEDH QURUXBADAN,$30,,Personal Accessories,,Hargeisa,634216278
648,Jaamac,32-AL sadaad online market,smart sun glass,waa muyarada  indhaha oo erafoona awadata,https://drive.google.com/file/d/1zw0l0KoazvcYDC4X7E5i9WDU1_vCDhI6/view?usp=drivesdk,SUN GLASS,SUN GLASS,$11,,Personal Accessories,,Hargeisa,634216278
649,Jaamac,32-AL sadaad online market,dhuxusha ilkaha ,waa sifeeyaha ilka oo  lo isticmalikaro ilkaha,https://drive.google.com/file/d/1H1faviYItBib_H8zlvP5ed_AJhQ_YBGR/view?usp=drivesdk,NADIIFIYE ILKAHA,NADIIFIYE,$4,,Personal Accessories,,Hargeisa,634216278
650,Jaamac,32-AL sadaad online market,3 days slimming,waxa uu kusiinaya daganaasho iyo farxad,https://drive.google.com/file/d/1guEI4vaDxEUSMfgqMLJMhvgRC9iGWLxx/view?usp=drivesdk,3DAYS SLIMMING,SLIMMING,$5,,Personal Accessories,,Hargeisa,634216278
651,Jaamac,33-Dalabaai,moser trimmer,waa mashiinka tima jaraha,https://drive.google.com/file/d/17JueZAiA6DVvqcWhsg9R2ysfKHrr9ck3/view?usp=drivesdk,MOSER ,MOSER,$27,,Personal Accessories,,Hargeisa,636845880
652,Jaamac,33-Dalabaai,magic cube 2x,waa maskax fur fure oo aad caruurtaada ku barbaarin kartp,https://drive.google.com/file/d/1_q4-WyhaZNnIgBlRgUJSEGpsTWlWL4V4/view?usp=drivesdk,MAGIC,MAGIC,$6,,Personal Accessories,,Hargeisa,636845880
653,Jaamac,33-Dalabaai,wster model ws-y06,waa salada xashiika lagu rido,https://drive.google.com/file/d/1EE9PZxM9ek69dgbp1eD2semnwJXrXtzo/view?usp=drivesdk,WSTER,WSTER,$10,,Personal Accessories,,Hargeisa,636845880
654,Jaamac,33-Dalabaai,handhel gimdal,waa qoriga moobilada lagu qabto,https://drive.google.com/file/d/1JSemsJ3oyFDbglCg1Vgx6-3-RwPyl7zw/view?usp=drivesdk,HANDHEL ,HANDHALE,$95,,Personal Accessories,,Hargeisa,636845880
655,Jaamac,33-Dalabaai,jilip ilaaliye,waax uu kalilaalinaya dhawac yada fudud ,https://drive.google.com/file/d/1aduaDkc1L-J5YRVnuhvKy2JcC-lr1ix9/view?usp=drivesdk,JILB ILALIYE,JILIB ILAALIYE,$8,,Personal Accessories,,Hargeisa,636845880
656,Faysal,124 Han baby Shop,Buubee,Buubeegii caruurtu ku ciyaarayeen,https://drive.google.com/file/d/1KSZtO43994efYxa1xr_J8zEZTiG9UCz2/view?usp=drivesdk,Buubee,Buubee caruur,$15,,,,Hargeisa,call-063:4040804
657,Faysal,124 Han baby Shop,Qori caruur,Qoryihii caruurta ,https://drive.google.com/file/d/1KH61ivh-ZR9ZDzvk44kW_UbDfCOft4Eo/view?usp=drivesdk,Qori,Qori Caruur,$7,,,,Hargeisa,call-063:4040804
658,Faysal,124 Han baby Shop,Protocol,waa cadar aad u udgoon ,https://drive.google.com/file/d/1KDaBE2HenQh1lQrabaAqw6iQLcF9MQpg/view?usp=drivesdk,Protocol,Cadar,$25,,,,Hargeisa,call-063:4040804
659,Faysal,125 Al Fariid Bags ,Boorsooyin ,Boorsooyinkii Dumarka oo aad u qurux badan ,https://drive.google.com/file/d/1Jab7bUs0mJda02f4by7ICbB7hjITsMbW/view?usp=drivesdk,Boorso,Boorso Dumar,$15,,,,Hargeisa,call-063:4654479
660,Faysal,125 Al Fariid Bags ,Jeegii Sharaabka,Jeegii sharaabka lagu shubanaayey oo wata koobabkiisii waana quraarad,https://drive.google.com/file/d/1JPWkYrwseT220edgAcRFftpD3gFFN29D/view?usp=drivesdk,Jeeg,Jeeg sharaab oo quraarad ah,$25,,,,Hargeisa,call-063:4654479
661,Faysal,125 Al Fariid Bags ,Muraayado,Muraayadihii xaragada ee dumarka oo aad u qurux badan ,https://drive.google.com/file/d/1JzSuER8AD1p1XUpmSBJoqXrUI1z_y_d-/view?usp=drivesdk,Muraayad,Muraayad xarago ,$5,,,,Hargeisa,call-063:4654479
662,Faysal,126 Horyaal Busnis Group,Dusuud ,Dusuudii cuntada oo kala duwan,https://drive.google.com/file/d/1K1c9gQsfkSOWaQtENMlZSpdxlzpyjpVA/view?usp=drivesdk,dusuud ,dusuud cunto,$1 $10,,,,Hargeisa,call-063:4488607
663,Faysal,126 Horyaal Busnis Group,Garaamo,Garamo gacm gaab ah ,https://drive.google.com/file/d/1JZ723gJIMhenQe1ig7QKYOVgLxAFcVoL/view?usp=drivesdk,Garamo,Garan,$1 $8,,,,Hargeisa,call-063:4488607
664,Faysal,126 Horyaal Busnis Group,Surwaalo,surwaalo sports,https://drive.google.com/file/d/1JiEPHlBTM62qR3tMS5qNN9wpwbt2P2F8/view?usp=drivesdk,Surwaal,Surwaal sports,$1 $7,,,,Hargeisa,call-063:4488607
665,Faysal,127 Zaki baby Pran,gawaadhi,gawaadhidii caruurta oo kala duwan,https://drive.google.com/file/d/1Pl65PrYWi7r6mHytH5mijEjmaYquX437/view?usp=drivesdk,gaadhi ,gawaadhidii caruurta ,$8,,,,Hargeisa,call-063:4149392
666,Faysal,127 Zaki baby Pran,shaadh ,shaadhadhkii raga oo kala duwan ,https://drive.google.com/file/d/1Q2BrfOEBki9tQ7u6R8Kh4F7n4x9maUIZ/view?usp=drivesdk,shaadh ,shaadh raga ,$12,,,,Hargeisa,call-063:4149392
667,Faysal,127 Zaki baby Pran,surwaal ,suwaalo shiingee ah oo aad u qurxoon,https://drive.google.com/file/d/1QAaNRPdlxYio9ahyIg1zDLS99lxLm3pe/view?usp=drivesdk,surwaal ,surwaalo shiingeeya,$25,,,,Hargeisa,call-063:4149392
668,Faysal,128 Milgo Santa ,fashion sense,waa cadar aad u udgoon oo naftu ku raaxaysanayso,https://drive.google.com/file/d/1QEtqi8Oj4Kz-ctRjW7vFvrdgU4Fkz8k4/view?usp=drivesdk,fashion sense ,cadar ,$30,,,,Hargeisa,call-063:4089841
669,Faysal,128 Milgo Santa ,Toob,Toobabkii hablaha yaryar oo aad u qurux badan ,https://drive.google.com/file/d/1PhHEfxubQoRxB97-YCOckEVI99jvakYX/view?usp=drivesdk,Toob ,Toobabkii hablaha ,$35,,,,Hargeisa,call-063:4089841
670,Faysal,128 Milgo Santa ,cabaayad ,cabaayadihii hablaha oo aad u qurux badan ,https://drive.google.com/file/d/1PuIo6gvmPYAGn-VjVjBjRxG3hwUR3_FF/view?usp=drivesdk,cabaayad ,cabaayadihii dumarka ,$37,,,,Hargeisa,call-063:4089841
671,Faysal,129 Baabalkhayr,surwaal ,surwaal rag oo kala duwan ,https://drive.google.com/file/d/1Q16ZnzAS3ZhU5Pp7hESpb90ofsRU39JB/view?usp=drivesdk,surwaal ,surwaal raga,$15,,,,Hargeisa,call-063:3358007
672,Faysal,129 Baabalkhayr,kabo ,kabihii xaragada raga oo aad u qurux badan ,https://drive.google.com/file/d/1PeMzuwzYP4p3smuMTe-WYxhG-VW3ZEI-/view?usp=drivesdk,kabo ,kabo xarago,$25,,,,Hargeisa,call-063:3358007
673,Faysal,129 Baabalkhayr,shaadh ,shaadhadhkii raga oo kala duwan ,https://drive.google.com/file/d/1Q0qXe-nmnrGIHjwWvN2ayJ79zug75f8z/view?usp=drivesdk,shaadh ,shaadh raga,$13,,,,Hargeisa,call-063:3358007
674,Faysal,130Laag barako,kabo sports ,waa kabihii isboortiska oo aad u qurux badan ,https://drive.google.com/file/d/1QFOg4gDLJa4oR55IxHLjq5RRwmiAwYZt/view?usp=drivesdk,speed ,kabo sports ,$42,,,,Hargeisa,call-063:3144082
675,Faysal,130Laag barako,garan ,waa garamadii raga oo kala duwan ,https://drive.google.com/file/d/1PdbaoGaFE6gUg7xkeJ3PB7yAez76h3zL/view?usp=drivesdk,garan ,garan ,$11,,,,Hargeisa,call-063:3144082
676,Faysal,130Laag barako,surwaal ,surwaal caruurta oo kala duwan ,https://drive.google.com/file/d/1QhS2k1CHob_3x7b57iETv22YpBAjN027/view?usp=drivesdk,surwaal ,surwaal caruurta ,$9,,,,Hargeisa,call-063:3144082
677,Faysal,131 Nasri Top Style,Toobab ,waa toobab dumar oo aad u qurxoon ,https://drive.google.com/file/d/1NxsZUtfnyo8QIR06TT8Hqla1oke-Rv6Z/view?usp=drivesdk,Toob,Toob Dumar,$38,,,,Hargeisa,call-063:4769046
678,Faysal,131 Nasri Top Style,sadkii ,Waa sadkii sodohda ama dumarka waawayn ,https://drive.google.com/file/d/1O2a3LAEdsRrHWsrRR0lsnuW01w5RwjXr/view?usp=drivesdk,Sad ,Sad Ama Dirac Dumar,$40,,,,Hargeisa,call-063:4769046
679,Faysal,131 Nasri Top Style,kabaha dumarka,Waa kabihii dumarka oo kala duwan ,https://drive.google.com/file/d/1O-fC5nry5e6b0IfUfvuEz0rwb3JEuAuo/view?usp=drivesdk,Kabo,Kabo Dumar,$37,,,,Hargeisa,call-063:4769046
680,Faysal,132 Diamand Carwo,sandal ,sandaladii raga oo kala duwan ,https://drive.google.com/file/d/1Qr6KHXVnMVKmtVjZQ2T7t8UPkkz_E3Es/view?usp=drivesdk,sandal ,sandal Rag,$30,,,,Hargeisa,call-063:4267506
681,Faysal,132 Diamand Carwo,haafaf,Haafafkii hablaha oo kala duwan ,https://drive.google.com/file/d/1PuoFmIoMwZJxSA1rlI48WrCcAjI6Xezj/view?usp=drivesdk,Haaf,Haaf dumar ,$28,,,,Hargeisa,call-063:4267506
682,Faysal,132 Diamand Carwo,toobabkii hablaha ,toobabkii hablaha oo kala duwan ,https://drive.google.com/file/d/1PzOHwrFQWWNFS34PLqqvrgHkLxErK3AV/view?usp=drivesdk,Toob ,toobabkii hablaha ,$25,,,,Hargeisa,call-063:4267506
683,Faysal,133 Marwo Ayaan,Dharka caruurta ,Dharkii caruurta ee hablaha yaryar,https://drive.google.com/file/d/1PiyxSE0K0mzPZ7CCwi9wzFmNYktCzN4E/view?usp=drivesdk,dharka ,Dharka caruurta habkaha ,$20,,,,Hargeisa,call-063:4137337
684,Faysal,133 Marwo Ayaan,kabihii caruurta ,Kabihii caruurta ee hablaha yaryar,https://drive.google.com/file/d/1Q1oETT_NbsuVwdcRk4WesbLtSVNd7nVx/view?usp=drivesdk,kabo ,kabo caruurta ,$18,,,,Hargeisa,call-063:4137337
685,Faysal,133 Marwo Ayaan,cabaayad,waa cabaayadihii dumarka oo kala duwan ,https://drive.google.com/file/d/1Q-Hh040GlNQlKgzaMpjgko4NvqCNq498/view?usp=drivesdk,cabaayad,cabaayad dumar ,$12,,,,Hargeisa,call-063:4137337
686,Faysal,134 Cunaabi Colacion,Face Cream ,Waa Cream Wajiga kuu dhalaalinaya oo aad u fiican ,https://drive.google.com/file/d/1NtgG4ntrOJjdgKhiZeM_gbnZtNCGVxRE/view?usp=drivesdk,Jergens,Waa kareem,$24,,,,Hargeisa,call-063:4267470
687,Faysal,134 Cunaabi Colacion,isku Joog dhar,waa macamuus cumaamad kabo shaadh,https://drive.google.com/file/d/1OCLfqhlZbFRm3QU7FQLB6AzZ1aAiVcWt/view?usp=drivesdk,isku joog,Macamuus kabo cumaamad Shaadh,$57,,,,Hargeisa,call-063:4267470
688,Faysal,134 Cunaabi Colacion,Boorsooyin,Waa boorsooyinkii Dumarka oo aad u qurxoon,https://drive.google.com/file/d/1O4P0eCncdGBFCsRZk70QAk0V8zOuL4ff/view?usp=drivesdk,boorso,Boorso Dumar,$34,,,,Hargeisa,call-063:4267470
689,Faysal,135 Tawakal Cosmetics,Saacado ,waa saacadihii dumarka ,https://drive.google.com/file/d/1Jw1pkRMU2nxcJJaLMhNUk44v8X-bVXgH/view?usp=drivesdk,Saacad,Saacad Dumar,$45,,,,Hargeisa,call-063:4489146
690,Faysal,135 Tawakal Cosmetics,Muraayado,Muraayadihii cadcadaa ee xaragada oo kala duwan,https://drive.google.com/file/d/1JzKl3RE3oHN096QchOfvdbys8Z2U1KXC/view?usp=drivesdk,Muraayad,Muraayado,$8,,,,Hargeisa,call-063:4489146
691,Faysal,135 Tawakal Cosmetics,Erfoono,Erfoonadii xadhiga ahaa oo nooc walba leh,https://drive.google.com/file/d/1KA70Z63vkjQXSu4X7VhChGwfOv-9UO8A/view?usp=drivesdk,Erfoon ,Erfoono Xadhig,$18,,,,Hargeisa,call-063:4489146
692,Faysal,136 Saba Style,Dharka Dhaxanta ,Dharka Dhaxanta laga xidho oo kii dumarka ah,https://drive.google.com/file/d/1IroWiU_OxqPOOc7qhKKxLWdE2U-qMWZA/view?usp=drivesdk,Dhar,Dharkii dhaxanta ee Dumarka,$20,,,,Hargeisa,call-063:4421179
693,Faysal,136 Saba Style,Goshaal Dumar,Goshaalkii Dumarka oo aad u qurux badan ,https://drive.google.com/file/d/1ItlJjz-5STP0FMm6xV1rJL2w8lBGImcD/view?usp=drivesdk,Goshaal,Goshaal Dumar,$20,,,,Hargeisa,call-063:4421179
694,Faysal,136 Saba Style,Dharka Caruurta,Waa dharkii caruurta ee Hablaha Yaryar oo aad u qurux badan ,https://drive.google.com/file/d/1IyytXizfQV4sOOOO252QEXhFWgvjBIXt/view?usp=drivesdk,Toob,Toobabkii Hablaha yaryar,$15,,,,Hargeisa,call-063:4421179
695,Faysal,137 Guuleed Electric,The Healthy Dessert maker,waa makiinad aad ku shiidan karto sharaabka ,https://drive.google.com/file/d/1MSrY2XHrnXaaWQ3PkoBq6cQZpIetQWVh/view?usp=drivesdk,Dessert Maker,Makiina sharaab,$67,,,,Hargeisa,call-063:4190384
696,Faysal,137 Guuleed Electric,Nima ,waa makiinad aad kuu shiidaysa Bunka ,https://drive.google.com/file/d/1LlAWxaLRuepsX7r0k7SMA8IPzCk826pu/view?usp=drivesdk,Nima ,Makiinad Bun,$45,,,,Hargeisa,call-063:4190384
697,Faysal,137 Guuleed Electric,Potato Chipper,Ku jarjaro baradhada ,https://drive.google.com/file/d/1LmZd_Ou0N2qUw1tn1So-OJs7z7qFklFP/view?usp=drivesdk,Potato Chipper,Baradho Jarjare,$16,,,,Hargeisa,call-063:4190384
698,Faysal,138 Kooshin Cosmetics,Washing Tool,waxa uu kuu sahlayaa in aad jidhkaaga si fudud u nadiifiso ,https://drive.google.com/file/d/1MXvO9LGv4DtXRZW3qZflHOcibUFo836V/view?usp=drivesdk,washing Tool,maydhe jidh,$3,,,,Hargeisa,call-063:4484629
699,Faysal,138 Kooshin Cosmetics,Honey Soap,waa saabuun ka samaysan malabka shinida,https://drive.google.com/file/d/1MeyXSQWcLGupOU20CSsnriN53pWOCvF2/view?usp=drivesdk,Haney soap ,saamuun,$8,,,,Hargeisa,call-063:4484629
700,Faysal,138 Kooshin Cosmetics,Cantu Cream ,Ku nafaqee Timahaaga ,https://drive.google.com/file/d/1LsJXNfOnmxr-E5KzP1BhZ74YjczMNSJH/view?usp=drivesdk,cantu cream,kareem,$14,,,,Hargeisa,call-063:4484629
701,Faysal,139 Al Furaat Electric,Auto Magnetic Mug,Waxa uu kuu walaaqayaa shaaxa ama caffeega ,https://drive.google.com/file/d/1MHCoXJbrDjjUAMTJaO25HDjU9Suw75Om/view?usp=drivesdk,Auto magnetic mug,walaaqe,$13,,,,Hargeisa,call-063:3319339
702,Faysal,139 Al Furaat Electric,Grill,Kudiirso cuntada ,https://drive.google.com/file/d/1M95RDedihGZDyt5SK4_zK--Mgm3w4-_l/view?usp=drivesdk,grill,ku layliye,$37,,,,Hargeisa,call-063:3319339
703,Faysal,139 Al Furaat Electric,Meat Grinder,waxa aad ku jarjaran kartaa Hilabka iyo Khudaarta ,https://drive.google.com/file/d/1ME-hwf2_ZTJyXx5a22Uncb80nkgcRf8Q/view?usp=drivesdk,meat grinder ,jarjare hilib iyo khudaar,$18,,,,Hargeisa,call-063:3319339
704,Faysal,140 Wadajir General,Muraayado,Muraayadihii xaragada oo kala duwan ,https://drive.google.com/file/d/1KDx-iJiK0bZZmBmmYyKra4XFc4g2WFre/view?usp=drivesdk,muraayad,muraayado xarago ,$5,,,,Hargeisa,call-063:4426737
705,Faysal,140 Wadajir General,Boorsooyin,Waa boorsooyinkii Dumarka oo aad u qurxoon,https://drive.google.com/file/d/1KTZ8NHf3BAQb8FlvzGy6R5MaO1MFmmws/view?usp=drivesdk,boorso,boorsooyin dumar,$27,,,,Hargeisa,call-063:4426737
706,Faysal,140 Wadajir General,Biin ,waa Biin ka samaysan Magacyo oo lagu Xidhanaayo Tamaha ,https://drive.google.com/file/d/1KSx9ioxUWHCISK-4OkFKEP7-Xmt_4N3u/view?usp=drivesdk,biin,biin dumar,$6,,,,Hargeisa,call-063:4426737
707,Faysal,141 Carwo AlMagan ,Surwaalo,Surwaalo dun ah oo aad kuu qanxinaya,https://drive.google.com/file/d/1Nl7t7x_4UpxAAVYn0yEBRbsiNzRpgBbh/view?usp=drivesdk,surwaal,Surwaalo dun ah,$15,,,,Hargeisa,call-063:4472257
708,Faysal,141 Carwo AlMagan ,Shaadhadh,waa shaadhadhkii Raga oo kala duwan ,https://drive.google.com/file/d/1OCXir9uyYYjN-05ptCJQAO3OLec2AacB/view?usp=drivesdk,Shaadh,Shaadhadh Rag,$13,,,,Hargeisa,call-063:4472257
709,Faysal,141 Carwo AlMagan ,garamo,Waa garamo aad u qurux badan ,https://drive.google.com/file/d/1N_yRu27dyM16Fq7GW7Yq30cZnRfW74dq/view?usp=drivesdk,Garan,Garamo gacmo gaab ah ,$10,,,,Hargeisa,call-063:4472257
710,Faysal,142 Bidhaan Cosmetics Electric ,Power Bank ,Ku dabayso Mobilkaaga ,https://drive.google.com/file/d/1MYk78tvMWrGHBGEMpCdk3So_xSOz32vy/view?usp=drivesdk,Power Bank,Jaajar gareeye,$15,,,,Hargeisa,call-063:4850119
711,Faysal,142 Bidhaan Cosmetics Electric ,Kaawiyad,Si fudud ugu Kaawiyadayso dharkaaga ,https://drive.google.com/file/d/1LkJ7BONmJ_JmpGCMqOAIEaCWty1sqa5S/view?usp=drivesdk,Kaawiyad,Kawiyad,$10,,,,Hargeisa,call-063:4850119
712,Faysal,142 Bidhaan Cosmetics Electric ,Smart Watch t55,waa saacad aad ku xidhiihin karto moobilkaaga ,https://drive.google.com/file/d/1LiwaI_SnDn1rs_Z_7Lw2l4bR1gDsVwZd/view?usp=drivesdk,Smart watch,Saacad,$19,,,,Hargeisa,call-063:4850119
713,Faysal,143 Xiin Cosmetics and Electric ,Video Making,Ku duub Muuqaalo aad u qurxoon ,https://drive.google.com/file/d/1M7bvooi8swJntDKpZjvvhD3aIwzV40JL/view?usp=drivesdk,Video Making,Ku duub wax walba ,$27,,,,Hargeisa,call-063:4342644
714,Faysal,143 Xiin Cosmetics and Electric ,Shoolad ,Waa shoolad yar oo hal dhari kuu karinaysa ,https://drive.google.com/file/d/1M_51QiPgObG8svw8AhqyyLAcihOhzQ0f/view?usp=drivesdk,Shoolad,Shoolad,$28,,,,Hargeisa,call-063:4342644
715,Faysal,143 Xiin Cosmetics and Electric ,Clear ,Waa shanpoo original ah ,https://drive.google.com/file/d/1MD3plL9I8Zx8GnphrXKFgkOFfgG0GBxF/view?usp=drivesdk,Clear,Shampoo,$6,,,,Hargeisa,call-063:4342644
716,Faysal,144 Al Rahma Cosmetics ,Pawpaw Cream,waa kiriimkii wajiga oo ka samaysan babaay,https://drive.google.com/file/d/1KYzjQgOgfRqRDneplrPiAA4-vUN2q8rf/view?usp=drivesdk,Pawpaw,Pawpaw,$5,,,,Hargeisa,call-063:4786280
717,Faysal,144 Al Rahma Cosmetics ,Cadarka Timaha ,waa cadarkii madaxa dumarku marsanaayeen ,https://drive.google.com/file/d/1KXdRzgZbKaqlbG1pKR9JXeUZqnSAxR6j/view?usp=drivesdk,cadar,Cadar madax,$4,,,,Hargeisa,call-063:4786280
718,Faysal,144 Al Rahma Cosmetics ,Parley Goldie,waa Kiriim kaa baabiinaya xaraqa wajiga ,https://drive.google.com/file/d/1KnSFnAJ8t-uOB96hM66fqf1LDHiy2M54/view?usp=drivesdk,Parley Goldie,Parley Goldio,$4,,,,Hargeisa,call-063:4786280
719,Faysal,145 Koosaar Collection,Suit,waa suurarkii raga oo aad u qurux badan,https://drive.google.com/file/d/1JIrgUW1FIVGuJBWzug3nRNx_RG7SmdXt/view?usp=drivesdk,Suit,Suit,$54,,,,Hargeisa,call-063:4418196
720,Faysal,145 Koosaar Collection,Sandalo,sandaladii raga oo aad kuu cajabinaya kuna qancinaya ,https://drive.google.com/file/d/1JKlzypy_O_hvTrRUjB058ie327JacuAw/view?usp=drivesdk,Sandal,Sandal Raga,$20,,,,Hargeisa,call-063:4418196
721,Faysal,145 Koosaar Collection,Garamo,Garamaantii raga oo gacmo gaab ah ,https://drive.google.com/file/d/1Iy9qADxvcEyp7C4ymhsf-gv_4IIXJiTD/view?usp=drivesdk,Garan,Garan gacmo Gaab,$11,,,,Hargeisa,call-063:4418196
722,Faysal,146 Ansaari Online,Mashiinka Cake,waa Mashiinka keega lagu walaaqo oo aad kuu caawinaya ,https://drive.google.com/file/d/1JA9ya79sWC5erJqLGmjKCiR5l_vS8mqa/view?usp=drivesdk,Mashiin ,Mashiin Cake,$35,,,,Hargeisa,call-063:7352173
723,Faysal,146 Ansaari Online,Electric Falas,waa falaastii Shaaxa oo kagu karsanaayey,https://drive.google.com/file/d/1JMqEb8lpa5-4YaHjMZsEOxXL-q4qdxt2/view?usp=drivesdk,Falaas,Falaas Shaah,$11,,,,Hargeisa,call-063:7352173
724,Faysal,146 Ansaari Online,Electric Stirrer ,Waa Mashiinkii sharaabka ,https://drive.google.com/file/d/1JKPcXVuf6Fyar5AqOPStC-5wSZzHFnP7/view?usp=drivesdk,Mashiin ,Mashiin Sharaab,$25,,,,Hargeisa,call-063:7352173
725,Faysal,147 maktabada Al Iimaan Hargeisa ,koofiyad,koofiyadihii culimada oo kala duwan ,https://drive.google.com/file/d/1OxwpVEJonADakEf3FDlxn0w8jfd1-H7p/view?usp=drivesdk,koofiyad,koofiyad culimo,$8,,,,Hargeisa,call- 512737
726,Faysal,147 maktabada Al Iimaan Hargeisa ,cumaamado,cumaamadihii oo kala duwan ,https://drive.google.com/file/d/1Os4wJ5oKBwK4LEv5NRjod-C9oMXDlN92/view?usp=drivesdk,cumaamad ,cumaamado,$15,,,,Hargeisa,call- 512737
727,Faysal,147 maktabada Al Iimaan Hargeisa ,sijaayad,waa sijaayadihii salaada lagu tukanaayey oo kala duwan ,https://drive.google.com/file/d/1Onai-5YWfRkcQhn6JaEwVtqXQ2fW8yam/view?usp=drivesdk,sijaayad ,sijaayadii salaada,$16,,,,Hargeisa,call- 512737
728,Faysal,147 maktabada Al Iimaan Hargeisa ,Badhan,waa Badhanadii khamiisyada iyo saadhadhka oo kala duwan ,https://drive.google.com/file/d/1Osi-FZEdnq-E7dW2ODvCg_bIhL50Bn6q/view?usp=drivesdk,badhan ,Badhan khamiis ama shaadh,$4,,,,Hargeisa,call- 512737
729,Faysal,148 Haboon Nuura ,Dirac Dumar ,waa Diracyadii dumarka oo kala duwan ,https://drive.google.com/file/d/1R5AEiTVdGEYigY8weA9_Jx1LnoyXMd8j/view?usp=drivesdk,Dirac,Dirac Dumar ,$30,,,,Hargeisa,call-063:4245630
730,Faysal,148 Haboon Nuura ,Boorso ,waa boorsooyin dumar oo xaragada u fiican ,https://drive.google.com/file/d/1Rf6NL48uL_JA6rHZ66VJgzwH6UAeGv15/view?usp=drivesdk,Boorso ,Boorso Dumar ,$40,,,,Hargeisa,call-063:4245630
731,Faysal,148 Haboon Nuura ,kabo ,waa kabihii dumarka oo aad u qurux badan ,https://drive.google.com/file/d/1RKmSu1uEqs6DvpIm_UDX9a1D6ggpWo2p/view?usp=drivesdk,kabo ,kabo Dumar ,$37,,,,Hargeisa,call-063:4245630
732,Faysal,149 Safaana sports ,kubad,waa kubadii cagta oo aad helayso nooc walba ,https://drive.google.com/file/d/1R81NEmksgeZiVNwgQEmgYBCzEZsC1xYx/view?usp=drivesdk,kubad,kubad cag,$12,,,,Hargeisa,call-063:3700044
733,Faysal,149 Safaana sports ,Baskt Ball Dress,waa dirayskii baaskidka oo nooc walba leh,https://drive.google.com/file/d/1R3D9FT--UEzJy3lOQ-yCDCzLolYZ64-5/view?usp=drivesdk,Basketball Dress ,Dirayskii baaskidka,$50,,,,Hargeisa,call-063:3700044
734,Faysal,149 Safaana sports ,sharabaado,waa sharabadadii lagu ciyaarayey kubada ,https://drive.google.com/file/d/1QxgGIaTr18_cBK_aE5I6Lmq4RvlVSZci/view?usp=drivesdk,Adidas ,sharabaado kubad,$4,,,,Hargeisa,call-063:3700044
735,Faysal,149 Safaana sports ,Kabo ,waa kabihii kubada lagu ciyaarayey,https://drive.google.com/file/d/1R13kRiHdktbj3hysJjOB--vwh4o86EdV/view?usp=drivesdk,Adidas ,kabo kubad,$25,,,,Hargeisa,call-063:3700044
736,Faysal,150 Grandee menswear,shaadhadh,shaadhadhkii raga oo kala duwan ,https://drive.google.com/file/d/1R4sFQvMzZMa0C7LZkq7zdB-boO3QAe-l/view?usp=drivesdk,shaadh ,shaadhadh ,$16,,,,Hargeisa,call-063:3403688
737,Faysal,150 Grandee menswear,suit ,waa suudhkii raga oo nooc walba aad helayso,https://drive.google.com/file/d/1R7PyMFPlaZOhUYEAhbSko8-1psPrXtNt/view?usp=drivesdk,suit ,suudh,$135,,,,Hargeisa,call-063:3403688
738,Faysal,150 Grandee menswear,macamuus ,waa macamuusyo aad u qurux badan ,https://drive.google.com/file/d/1QyaKs5jLbtrWhaGDSU76KFnudRFyk4pF/view?usp=drivesdk,macamuus ,macamuus ,$80,,,,Hargeisa,call-063:3403688
739,Faysal,151 Suuqa carab ,Miiska waxbarasho,waa miiskii caruurta ee waxbarashada oo si fudud uu ilmaha yar wax ugu baranaayo,https://drive.google.com/file/d/1Tj_93G-jJcVn0ObGydr_ScrNQYuFv8u2/view?usp=drivesdk,miis,miis iyo kursi waxbarasho caruur,$35,,,,Hargeisa,call-063:6688555
740,Faysal,151 Suuqa carab ,Miiska cunto,waa miiskii caruurta ee cuntada lagu siinaayey,https://drive.google.com/file/d/1Tc_H2svtuEJbDMreEt15ZU6k4xS7oHwu/view?usp=drivesdk,miis,miis iyo kursi cunto caruur,$28,,,,Hargeisa,call-063:6688555
741,Faysal,151 Suuqa carab ,Go Sariir,waa guii sariirta oo ah nooc aanay biyuhu karayn oo celinaya biyaha ,https://drive.google.com/file/d/1TlLUDS45IDbnPaCmcHUjBH7lw4j0rPzH/view?usp=drivesdk,Go,gogashii sariirta,$40,,,,Hargeisa,call-063:6688555
742,Faysal,152 Hayat Electroncs,Air Cooler,waa qaboojiye aad kuu anfacaya ,https://drive.google.com/file/d/1TcLyIwG0aE7AWd3SgoLkDuDMa2MvZLG6/view?usp=drivesdk,slimline,qaboojiye,$130,,,,Hargeisa,call-063:4403641
743,Faysal,152 Hayat Electroncs,Belux,waa shampoogii madaxa lagu meedhanaayey,https://drive.google.com/file/d/1TxZscr470MCLRkDJ4wfpuFXm0zUMnFZP/view?usp=drivesdk,Belux,shampoo ,$5,,,,Hargeisa,call-063:4403641
744,Faysal,152 Hayat Electroncs,Moulinex,waa falaastii shaaxa lagu ka rinaayey,https://drive.google.com/file/d/1TsipvWAoWDCUyBPAdQoFtghgNeLEllcP/view?usp=drivesdk,moulinex,falaas shaah,$20,,,,Hargeisa,call-063:4403641
745,Faysal,153 Inarag,,,,,,,,,,Hargeisa,call -063:3003586
746,Faysal,153 Inarag,,,,,,,,,,Hargeisa,call -063:3003586
747,Faysal,153 Inarag,,,,,,,,,,Hargeisa,call -063:3003586
748,Faysal,154 Hujaale Motors,Noah ,waa gaadhi Noah ah oo ka duwan tii hore oo aad u qurux badan ,https://drive.google.com/file/d/1VXyWeP-cxGNiVkl0kq0PFprIaTGV2jSK/view?usp=drivesdk,TAYOTA ,NOAH,"$6,800",2011,Cars,,Hargeisa,call-063:4942432
749,Faysal,154 Hujaale Motors,,,,,,,,,,Hargeisa,call-063:4942432
750,Faysal,154 Hujaale Motors,,,,,,,,,,Hargeisa,call-063:4942432
751,,,,,,,,,,,,Hargeisa,
752,,,,,,,,,,,,Hargeisa,
753,,,,,,,,,,,,Hargeisa,
754,,,,,,,,,,,,Hargeisa,
755,,,,,,,,,,,,Hargeisa,
756,,,,,,,,,,,,Hargeisa,
757,,,,,,,,,,,,,
758,,,,,,,,,,,,,
759,,,,,,,,,,,,,
760,,,,,,,,,,,,,
761,,,,,,,,,,,,,
762,,,,,,,,,,,,,
763,,,,,,,,,,,,,
764,,,,,,,,,,,,,
765,,,,,,,,,,,,,
766,,,,,,,,,,,,,
767,,,,,,,,,,,,,
768,,,,,,,,,,,,,
769,,,,,,,,,,,,,
770,,,,,,,,,,,,,
771,,,,,,,,,,,,,
772,,,,,,,,,,,,,
773,,,,,,,,,,,,,
774,,,,,,,,,,,,,
775,,,,,,,,,,,,,
776,,,,,,,,,,,,,
777,,,,,,,,,,,,,
778,,,,,,,,,,,,,
779,,,,,,,,,,,,,
780,,,,,,,,,,,,,
781,,,,,,,,,,,,,
782,,,,,,,,,,,,,
783,,,,,,,,,,,,,
784,,,,,,,,,,,,,
785,,,,,,,,,,,,,
786,,,,,,,,,,,,,
787,,,,,,,,,,,,,
788,,,,,,,,,,,,,
789,,,,,,,,,,,,,
790,,,,,,,,,,,,,
791,,,,,,,,,,,,,
792,,,,,,,,,,,,,
793,,,,,,,,,,,,,
794,,,,,,,,,,,,,
795,,,,,,,,,,,,,
796,,,,,,,,,,,,,
797,,,,,,,,,,,,,
798,,,,,,,,,,,,,
799,,,,,,,,,,,,,
800,,,,,,,,,,,,,
801,,,,,,,,,,,,,
802,,,,,,,,,,,,,
803,,,,,,,,,,,,,
804,,,,,,,,,,,,,
805,,,,,,,,,,,,,
806,,,,,,,,,,,,,
807,,,,,,,,,,,,,
808,,,,,,,,,,,,,
809,,,,,,,,,,,,,
810,,,,,,,,,,,,,
811,,,,,,,,,,,,,
812,,,,,,,,,,,,,
813,,,,,,,,,,,,,
814,,,,,,,,,,,,,
815,,,,,,,,,,,,,
816,,,,,,,,,,,,,
817,,,,,,,,,,,,,
818,,,,,,,,,,,,,
819,,,,,,,,,,,,,
820,,,,,,,,,,,,,
821,,,,,,,,,,,,,
822,,,,,,,,,,,,,
823,,,,,,,,,,,,,
824,,,,,,,,,,,,,
825,,,,,,,,,,,,,
826,,,,,,,,,,,,,
827,,,,,,,,,,,,,
828,,,,,,,,,,,,,
829,,,,,,,,,,,,,
830,,,,,,,,,,,,,
831,,,,,,,,,,,,,
832,,,,,,,,,,,,,
833,,,,,,,,,,,,,
834,,,,,,,,,,,,,
835,,,,,,,,,,,,,
836,,,,,,,,,,,,,
837,,,,,,,,,,,,,
838,,,,,,,,,,,,,
839,,,,,,,,,,,,,
840,,,,,,,,,,,,,
841,,,,,,,,,,,,,
842,,,,,,,,,,,,,
843,,,,,,,,,,,,,
844,,,,,,,,,,,,,
845,,,,,,,,,,,,,
846,,,,,,,,,,,,,
847,,,,,,,,,,,,,
848,,,,,,,,,,,,,
849,,,,,,,,,,,,,
850,,,,,,,,,,,,,
851,,,,,,,,,,,,,
852,,,,,,,,,,,,,
853,,,,,,,,,,,,,
854,,,,,,,,,,,,,
855,,,,,,,,,,,,,
856,,,,,,,,,,,,,
857,,,,,,,,,,,,,
858,,,,,,,,,,,,,
859,,,,,,,,,,,,,
860,,,,,,,,,,,,,
861,,,,,,,,,,,,,
862,,,,,,,,,,,,,
863,,,,,,,,,,,,,
864,,,,,,,,,,,,,
865,,,,,,,,,,,,,
866,,,,,,,,,,,,,
867,,,,,,,,,,,,,
868,,,,,,,,,,,,,
869,,,,,,,,,,,,,
870,,,,,,,,,,,,,
871,,,,,,,,,,,,,
872,,,,,,,,,,,,,
873,,,,,,,,,,,,,
874,,,,,,,,,,,,,
875,,,,,,,,,,,,,
876,,,,,,,,,,,,,
877,,,,,,,,,,,,,
878,,,,,,,,,,,,,
879,,,,,,,,,,,,,
880,,,,,,,,,,,,,
881,,,,,,,,,,,,,
882,,,,,,,,,,,,,
883,,,,,,,,,,,,,
884,,,,,,,,,,,,,
885,,,,,,,,,,,,,
886,,,,,,,,,,,,,
887,,,,,,,,,,,,,
888,,,,,,,,,,,,,
889,,,,,,,,,,,,,
890,,,,,,,,,,,,,
891,,,,,,,,,,,,,
892,,,,,,,,,,,,,
893,,,,,,,,,,,,,
894,,,,,,,,,,,,,
895,,,,,,,,,,,,,
896,,,,,,,,,,,,,
897,,,,,,,,,,,,,
898,,,,,,,,,,,,,
899,,,,,,,,,,,,,
900,,,,,,,,,,,,,
901,,,,,,,,,,,,,
902,,,,,,,,,,,,,
903,,,,,,,,,,,,,
904,,,,,,,,,,,,,
905,,,,,,,,,,,,,
906,,,,,,,,,,,,,
907,,,,,,,,,,,,,
908,,,,,,,,,,,,,
909,,,,,,,,,,,,,
910,,,,,,,,,,,,,
911,,,,,,,,,,,,,
912,,,,,,,,,,,,,
913,,,,,,,,,,,,,
914,,,,,,,,,,,,,
915,,,,,,,,,,,,,
916,,,,,,,,,,,,,
917,,,,,,,,,,,,,
918,,,,,,,,,,,,,
919,,,,,,,,,,,,,
920,,,,,,,,,,,,,
921,,,,,,,,,,,,,
922,,,,,,,,,,,,,
923,,,,,,,,,,,,,
924,,,,,,,,,,,,,
925,,,,,,,,,,,,,
926,,,,,,,,,,,,,
927,,,,,,,,,,,,,
928,,,,,,,,,,,,,
929,,,,,,,,,,,,,
930,,,,,,,,,,,,,
931,,,,,,,,,,,,,
932,,,,,,,,,,,,,
933,,,,,,,,,,,,,
934,,,,,,,,,,,,,
935,,,,,,,,,,,,,
936,,,,,,,,,,,,,
937,,,,,,,,,,,,,
938,,,,,,,,,,,,,
939,,,,,,,,,,,,,
940,,,,,,,,,,,,,
941,,,,,,,,,,,,,
942,,,,,,,,,,,,,
943,,,,,,,,,,,,,
944,,,,,,,,,,,,,
945,,,,,,,,,,,,,
946,,,,,,,,,,,,,
947,,,,,,,,,,,,,
948,,,,,,,,,,,,,
949,,,,,,,,,,,,,
950,,,,,,,,,,,,,
951,,,,,,,,,,,,,
952,,,,,,,,,,,,,
953,,,,,,,,,,,,,
954,,,,,,,,,,,,,
955,,,,,,,,,,,,,
956,,,,,,,,,,,,,
957,,,,,,,,,,,,,
958,,,,,,,,,,,,,
959,,,,,,,,,,,,,
960,,,,,,,,,,,,,
961,,,,,,,,,,,,,
962,,,,,,,,,,,,,
963,,,,,,,,,,,,,
964,,,,,,,,,,,,,
965,,,,,,,,,,,,,
966,,,,,,,,,,,,,
967,,,,,,,,,,,,,
968,,,,,,,,,,,,,
969,,,,,,,,,,,,,
970,,,,,,,,,,,,,
971,,,,,,,,,,,,,
972,,,,,,,,,,,,,
973,,,,,,,,,,,,,
974,,,,,,,,,,,,,
975,,,,,,,,,,,,,
976,,,,,,,,,,,,,
977,,,,,,,,,,,,,
978,,,,,,,,,,,,,
,,,,,,,,,,,,,
,,,,,,,,,,,,,
,,,,,,,,,,,,,
,,,,,,,,,,,,,
,,,,,,,,,,,,,
,,,,,,,,,,,,,
,,,,,,,,,,,,,
,,,,,,,,,,,,,
,,,,,,,,,,,,,
,,,,,,,,,,,,,
,,,,,,,,,,,,,
,,,,,,,,,,,,,
,,,,,,,,,,,,,
,,,,,,,,,,,,,
,,,,,,,,,,,,,
,,,,,,,,,,,,,
,,,,,,,,,,,,,
,,,,,,,,,,,,,
,,,,,,,,,,,,,
,,,,,,,,,,,,,
,,,,,,,,,,,,,
,,,,,,,,,,,,,
,,,,,,,,,,,,,
,,,,,,,,,,,,,
,,,,,,,,,,,,,
,,,,,,,,,,,,,
,,,,,,,,,,,,,
,,,,,,,,,,,,,
,,,,,,,,,,,,,
,,,,,,,,,,,,,
,,,,,,,,,,,,,
,,,,,,,,,,,,,
,,,,,,,,,,,,,
,,,,,,,,,,,,,
,,,,,,,,,,,,,
,,,,,,,,,,,,,
,,,,,,,,,,,,,
,,,,,,,,,,,,,
,,,,,,,,,,,,,
,,,,,,,,,,,,,
,,,,,,,,,,,,,
,,,,,,,,,,,,,
,,,,,,,,,,,,,
,,,,,,,,,,,,,
,,,,,,,,,,,,,
,,,,,,,,,,,,,
,,,,,,,,,,,,,
,,,,,,,,,,,,,
,,,,,,,,,,,,,
,,,,,,,,,,,,,
,,,,,,,,,,,,,
,,,,,,,,,,,,,
,,,,,,,,,,,,,
,,,,,,,,,,,,,
,,,,,,,,,,,,,
,,,,,,,,,,,,,
,,,,,,,,,,,,,
,,,,,,,,,,,,,
,,,,,,,,,,,,,
,,,,,,,,,,,,,
,,,,,,,,,,,,,
,,,,,,,,,,,,,
,,,,,,,,,,,,,
,,,,,,,,,,,,,
,,,,,,,,,,,,,
,,,,,,,,,,,,,
,,,,,,,,,,,,,
,,,,,,,,,,,,,
,,,,,,,,,,,,,
,,,,,,,,,,,,,
,,,,,,,,,,,,,
,,,,,,,,,,,,,
,,,,,,,,,,,,,
,,,,,,,,,,,,,
,,,,,,,,,,,,,
,,,,,,,,,,,,,
,,,,,,,,,,,,,
,,,,,,,,,,,,,
,,,,,,,,,,,,,
,,,,,,,,,,,,,
,,,,,,,,,,,,,
,,,,,,,,,,,,,
,,,,,,,,,,,,,
,,,,,,,,,,,,,
,,,,,,,,,,,,,
,,,,,,,,,,,,,
,,,,,,,,,,,,,
,,,,,,,,,,,,,
,,,,,,,,,,,,,
,,,,,,,,,,,,,
,,,,,,,,,,,,,
,,,,,,,,,,,,,
,,,,,,,,,,,,,
,,,,,,,,,,,,,
,,,,,,,,,,,,,
,,,,,,,,,,,,,
,,,,,,,,,,,,,
,,,,,,,,,,,,,
,,,,,,,,,,,,,
,,,,,,,,,,,,,
,,,,,,,,,,,,,
,,,,,,,,,,,,,
,,,,,,,,,,,,,
,,,,,,,,,,,,,
,,,,,,,,,,,,,
,,,,,,,,,,,,,
,,,,,,,,,,,,,
,,,,,,,,,,,,,
,,,,,,,,,,,,,
,,,,,,,,,,,,,
,,,,,,,,,,,,,
,,,,,,,,,,,,,
,,,,,,,,,,,,,
,,,,,,,,,,,,,
,,,,,,,,,,,,,
,,,,,,,,,,,,,
,,,,,,,,,,,,,
,,,,,,,,,,,,,
,,,,,,,,,,,,,
,,,,,,,,,,,,,
,,,,,,,,,,,,,
,,,,,,,,,,,,,
,,,,,,,,,,,,,
,,,,,,,,,,,,,
,,,,,,,,,,,,,
,,,,,,,,,,,,,
,,,,,,,,,,,,,
,,,,,,,,,,,,,
,,,,,,,,,,,,,
,,,,,,,,,,,,,
,,,,,,,,,,,,,
,,,,,,,,,,,,,
,,,,,,,,,,,,,
,,,,,,,,,,,,,
,,,,,,,,,,,,,
,,,,,,,,,,,,,
,,,,,,,,,,,,,
,,,,,,,,,,,,,
,,,,,,,,,,,,,
,,,,,,,,,,,,,
,,,,,,,,,,,,,
,,,,,,,,,,,,,
,,,,,,,,,,,,,
,,,,,,,,,,,,,
,,,,,,,,,,,,,
,,,,,,,,,,,,,
,,,,,,,,,,,,,
,,,,,,,,,,,,,
,,,,,,,,,,,,,
,,,,,,,,,,,,,
,,,,,,,,,,,,,
,,,,,,,,,,,,,
,,,,,,,,,,,,,
,,,,,,,,,,,,,
,,,,,,,,,,,,,
,,,,,,,,,,,,,
,,,,,,,,,,,,,
,,,,,,,,,,,,,
,,,,,,,,,,,,,
,,,,,,,,,,,,,
,,,,,,,,,,,,,
,,,,,,,,,,,,,
,,,,,,,,,,,,,
,,,,,,,,,,,,,
,,,,,,,,,,,,,
,,,,,,,,,,,,,
,,,,,,,,,,,,,
,,,,,,,,,,,,,
,,,,,,,,,,,,,
,,,,,,,,,,,,,
,,,,,,,,,,,,,
,,,,,,,,,,,,,
,,,,,,,,,,,,,
,,,,,,,,,,,,,
,,,,,,,,,,,,,
,,,,,,,,,,,,,
,,,,,,,,,,,,,
,,,,,,,,,,,,,
,,,,,,,,,,,,,
,,,,,,,,,,,,,
,,,,,,,,,,,,,
,,,,,,,,,,,,,
,,,,,,,,,,,,,
,,,,,,,,,,,,,
,,,,,,,,,,,,,
,,,,,,,,,,,,,
,,,,,,,,,,,,,
,,,,,,,,,,,,,
,,,,,,,,,,,,,
,,,,,,,,,,,,,
,,,,,,,,,,,,,
,,,,,,,,,,,,,
,,,,,,,,,,,,,
,,,,,,,,,,,,,
,,,,,,,,,,,,,
,,,,,,,,,,,,,
,,,,,,,,,,,,,
,,,,,,,,,,,,,
,,,,,,,,,,,,,
,,,,,,,,,,,,,
,,,,,,,,,,,,,
,,,,,,,,,,,,,
,,,,,,,,,,,,,
,,,,,,,,,,,,,
,,,,,,,,,,,,,
,,,,,,,,,,,,,
,,,,,,,,,,,,,
,,,,,,,,,,,,,
,,,,,,,,,,,,,
,,,,,,,,,,,,,
,,,,,,,,,,,,,
,,,,,,,,,,,,,
,,,,,,,,,,,,,
,,,,,,,,,,,,,
,,,,,,,,,,,,,
,,,,,,,,,,,,,
,,,,,,,,,,,,,
,,,,,,,,,,,,,
,,,,,,,,,,,,,
,,,,,,,,,,,,,
,,,,,,,,,,,,,
,,,,,,,,,,,,,
,,,,,,,,,,,,,
,,,,,,,,,,,,,
,,,,,,,,,,,,,
,,,,,,,,,,,,,
,,,,,,,,,,,,,
,,,,,,,,,,,,,
,,,,,,,,,,,,,
,,,,,,,,,,,,,
,,,,,,,,,,,,,
,,,,,,,,,,,,,
,,,,,,,,,,,,,
,,,,,,,,,,,,,
,,,,,,,,,,,,,
,,,,,,,,,,,,,
,,,,,,,,,,,,,
,,,,,,,,,,,,,
,,,,,,,,,,,,,
,,,,,,,,,,,,,
,,,,,,,,,,,,,
,,,,,,,,,,,,,
,,,,,,,,,,,,,
,,,,,,,,,,,,,
,,,,,,,,,,,,,
,,,,,,,,,,,,,
,,,,,,,,,,,,,
,,,,,,,,,,,,,
,,,,,,,,,,,,,
,,,,,,,,,,,,,
,,,,,,,,,,,,,
,,,,,,,,,,,,,
,,,,,,,,,,,,,
,,,,,,,,,,,,,
,,,,,,,,,,,,,
,,,,,,,,,,,,,
,,,,,,,,,,,,,
,,,,,,,,,,,,,
,,,,,,,,,,,,,
,,,,,,,,,,,,,
,,,,,,,,,,,,,
,,,,,,,,,,,,,
,,,,,,,,,,,,,
,,,,,,,,,,,,,
,,,,,,,,,,,,,
,,,,,,,,,,,,,
,,,,,,,,,,,,,
,,,,,,,,,,,,,
,,,,,,,,,,,,,
,,,,,,,,,,,,,
,,,,,,,,,,,,,
,,,,,,,,,,,,,
,,,,,,,,,,,,,
,,,,,,,,,,,,,
,,,,,,,,,,,,,
,,,,,,,,,,,,,
,,,,,,,,,,,,,
,,,,,,,,,,,,,
,,,,,,,,,,,,,
,,,,,,,,,,,,,
,,,,,,,,,,,,,
,,,,,,,,,,,,,
,,,,,,,,,,,,,
,,,,,,,,,,,,,
,,,,,,,,,,,,,
,,,,,,,,,,,,,
,,,,,,,,,,,,,
,,,,,,,,,,,,,
,,,,,,,,,,,,,
,,,,,,,,,,,,,
,,,,,,,,,,,,,
,,,,,,,,,,,,,
,,,,,,,,,,,,,
,,,,,,,,,,,,,
,,,,,,,,,,,,,
,,,,,,,,,,,,,
,,,,,,,,,,,,,
,,,,,,,,,,,,,
,,,,,,,,,,,,,
,,,,,,,,,,,,,
,,,,,,,,,,,,,
,,,,,,,,,,,,,
,,,,,,,,,,,,,
,,,,,,,,,,,,,
,,,,,,,,,,,,,
,,,,,,,,,,,,,
,,,,,,,,,,,,,
,,,,,,,,,,,,,
,,,,,,,,,,,,,
,,,,,,,,,,,,,
,,,,,,,,,,,,,
,,,,,,,,,,,,,
,,,,,,,,,,,,,
,,,,,,,,,,,,,
,,,,,,,,,,,,,
,,,,,,,,,,,,,
,,,,,,,,,,,,,
,,,,,,,,,,,,,
,,,,,,,,,,,,,
,,,,,,,,,,,,,
,,,,,,,,,,,,,
,,,,,,,,,,,,,
,,,,,,,,,,,,,
,,,,,,,,,,,,,
,,,,,,,,,,,,,
,,,,,,,,,,,,,
,,,,,,,,,,,,,
,,,,,,,,,,,,,
,,,,,,,,,,,,,
,,,,,,,,,,,,,
,,,,,,,,,,,,,
,,,,,,,,,,,,,
,,,,,,,,,,,,,
,,,,,,,,,,,,,
,,,,,,,,,,,,,
,,,,,,,,,,,,,
,,,,,,,,,,,,,
,,,,,,,,,,,,,
,,,,,,,,,,,,,
,,,,,,,,,,,,,
,,,,,,,,,,,,,
,,,,,,,,,,,,,
,,,,,,,,,,,,,
,,,,,,,,,,,,,
,,,,,,,,,,,,,
,,,,,,,,,,,,,
,,,,,,,,,,,,,
,,,,,,,,,,,,,
,,,,,,,,,,,,,
,,,,,,,,,,,,,
,,,,,,,,,,,,,
,,,,,,,,,,,,,
,,,,,,,,,,,,,
,,,,,,,,,,,,,
,,,,,,,,,,,,,
,,,,,,,,,,,,,
,,,,,,,,,,,,,
,,,,,,,,,,,,,
,,,,,,,,,,,,,
,,,,,,,,,,,,,
,,,,,,,,,,,,,
,,,,,,,,,,,,,
,,,,,,,,,,,,,
,,,,,,,,,,,,,
,,,,,,,,,,,,,
,,,,,,,,,,,,,
,,,,,,,,,,,,,
,,,,,,,,,,,,,
,,,,,,,,,,,,,
,,,,,,,,,,,,,
,,,,,,,,,,,,,
,,,,,,,,,,,,,
,,,,,,,,,,,,,
,,,,,,,,,,,,,
,,,,,,,,,,,,,
,,,,,,,,,,,,,
,,,,,,,,,,,,,
,,,,,,,,,,,,,
,,,,,,,,,,,,,
,,,,,,,,,,,,,
,,,,,,,,,,,,,
,,,,,,,,,,,,,
,,,,,,,,,,,,,
,,,,,,,,,,,,,
,,,,,,,,,,,,,
,,,,,,,,,,,,,
,,,,,,,,,,,,,
,,,,,,,,,,,,,
,,,,,,,,,,,,,
,,,,,,,,,,,,,
,,,,,,,,,,,,,
,,,,,,,,,,,,,
,,,,,,,,,,,,,
,,,,,,,,,,,,,
,,,,,,,,,,,,,
,,,,,,,,,,,,,
,,,,,,,,,,,,,
,,,,,,,,,,,,,
,,,,,,,,,,,,,
,,,,,,,,,,,,,
,,,,,,,,,,,,,
,,,,,,,,,,,,,
,,,,,,,,,,,,,
,,,,,,,,,,,,,
,,,,,,,,,,,,,
,,,,,,,,,,,,,
,,,,,,,,,,,,,
,,,,,,,,,,,,,
,,,,,,,,,,,,,
,,,,,,,,,,,,,
,,,,,,,,,,,,,
,,,,,,,,,,,,,
,,,,,,,,,,,,,
,,,,,,,,,,,,,
,,,,,,,,,,,,,
,,,,,,,,,,,,,
,,,,,,,,,,,,,
,,,,,,,,,,,,,
,,,,,,,,,,,,,
,,,,,,,,,,,,,
,,,,,,,,,,,,,
,,,,,,,,,,,,,
,,,,,,,,,,,,,
,,,,,,,,,,,,,
,,,,,,,,,,,,,
,,,,,,,,,,,,,
,,,,,,,,,,,,,
,,,,,,,,,,,,,
,,,,,,,,,,,,,
,,,,,,,,,,,,,
,,,,,,,,,,,,,
,,,,,,,,,,,,,
,,,,,,,,,,,,,
,,,,,,,,,,,,,
,,,,,,,,,,,,,
,,,,,,,,,,,,,
,,,,,,,,,,,,,
,,,,,,,,,,,,,
,,,,,,,,,,,,,
,,,,,,,,,,,,,
,,,,,,,,,,,,,
,,,,,,,,,,,,,
,,,,,,,,,,,,,
,,,,,,,,,,,,,
,,,,,,,,,,,,,
,,,,,,,,,,,,,
,,,,,,,,,,,,,
,,,,,,,,,,,,,
,,,,,,,,,,,,,
,,,,,,,,,,,,,
,,,,,,,,,,,,,
,,,,,,,,,,,,,
,,,,,,,,,,,,,
,,,,,,,,,,,,,
,,,,,,,,,,,,,
,,,,,,,,,,,,,
,,,,,,,,,,,,,
,,,,,,,,,,,,,
,,,,,,,,,,,,,
,,,,,,,,,,,,,
,,,,,,,,,,,,,
,,,,,,,,,,,,,
,,,,,,,,,,,,,
,,,,,,,,,,,,,
,,,,,,,,,,,,,
,,,,,,,,,,,,,
,,,,,,,,,,,,,
,,,,,,,,,,,,,
,,,,,,,,,,,,,
,,,,,,,,,,,,,
,,,,,,,,,,,,,
,,,,,,,,,,,,,
,,,,,,,,,,,,,
,,,,,,,,,,,,,
,,,,,,,,,,,,,
,,,,,,,,,,,,,
,,,,,,,,,,,,,
,,,,,,,,,,,,,
,,,,,,,,,,,,,
,,,,,,,,,,,,,
,,,,,,,,,,,,,
,,,,,,,,,,,,,
,,,,,,,,,,,,,
,,,,,,,,,,,,,
,,,,,,,,,,,,,
,,,,,,,,,,,,,
,,,,,,,,,,,,,
,,,,,,,,,,,,,
,,,,,,,,,,,,,
,,,,,,,,,,,,,
,,,,,,,,,,,,,
,,,,,,,,,,,,,
,,,,,,,,,,,,,
,,,,,,,,,,,,,
,,,,,,,,,,,,,
,,,,,,,,,,,,,
,,,,,,,,,,,,,
,,,,,,,,,,,,,
,,,,,,,,,,,,b,